sale_id,product_id,store_id,quantity,price,timestamp,total_sale
1,13,4,6,65.49,2026-04-25T01:14:01.000851,392.93999999999994
2,12,5,5,379.96,2026-04-12T04:14:01.000851,1899.8
3,10,5,9,182.95,2026-05-17T16:14:01.000851,1646.55
4,25,4,5,391.45,2026-03-08T08:14:01.000851,1957.25
5,10,5,8,66.87,2026-05-31T13:14:01.000851,534.96
6,2,5,2,230.36,2026-04-16T07:14:01.000851,460.72
7,7,1,5,332.44,2026-03-21T22:14:01.000851,1662.2
8,16,4,3,110.87,2026-03-24T02:14:01.000851,332.61
9,30,5,4,122.53,2026-05-11T04:14:01.000851,490.12
10,28,2,7,354.26,2026-05-12T04:14:01.000851,2479.8199999999997
12,12,2,4,184.48,2026-05-16T18:14:01.000851,737.92
13,4,3,9,487.71,2026-03-27T21:14:01.000851,4389.389999999999
14,25,3,2,482.86,2026-04-18T18:14:01.000851,965.72
15,18,4,5,405.75,2026-03-14T05:14:01.000851,2028.75
16,5,5,4,134.63,2026-05-17T10:14:01.000851,538.52
17,10,5,6,341.55,2026-04-15T23:14:01.000851,2049.3
18,4,2,10,279.27,2026-03-11T13:14:01.000851,2792.7
19,12,1,3,312.03,2026-04-06T03:14:01.000851,936.0899999999999
20,23,4,6,316.74,2026-04-10T00:14:01.000851,1900.44
22,18,3,3,326.52,2026-05-21T02:14:01.000851,979.56
23,4,3,4,366.43,2026-03-27T10:14:01.000851,1465.72
24,1,4,10,257.83,2026-06-01T11:14:01.000851,2578.2999999999997
25,23,5,9,104.28,2026-04-29T11:14:01.000851,938.52
26,16,5,8,276.56,2026-05-23T11:14:01.000851,2212.48
27,27,1,2,94.81,2026-04-06T16:14:01.000851,189.62
28,25,1,4,288.12,2026-04-15T04:14:01.000851,1152.48
29,17,2,9,270.32,2026-03-19T09:14:01.000851,2432.88
30,16,2,1,176.1,2026-04-29T04:14:01.000851,176.1
32,6,2,2,68.89,2026-03-19T20:14:01.000851,137.78
33,7,4,3,316.86,2026-04-04T03:14:01.000851,950.58
34,9,4,10,60.74,2026-04-06T05:14:01.000851,607.4
35,23,5,4,67.02,2026-03-21T01:14:01.000851,268.08
36,10,4,6,158.46,2026-04-13T02:14:01.000851,950.76
37,2,3,8,190.73,2026-05-23T20:14:01.000851,1525.84
38,8,5,6,240.52,2026-03-07T11:14:01.000851,1443.1200000000001
39,16,5,2,18.8,2026-03-26T07:14:01.000851,37.6
40,27,4,3,436.71,2026-04-05T18:14:01.000851,1310.1299999999999
41,15,5,10,346.75,2026-04-27T01:14:01.000851,3467.5
42,29,2,9,350.2,2026-03-17T10:14:01.000851,3151.7999999999997
43,29,5,6,223.09,2026-03-27T22:14:01.000851,1338.54
44,27,4,6,453.09,2026-05-03T02:14:01.000851,2718.54
45,22,1,3,435.38,2026-05-14T19:14:01.000851,1306.1399999999999
46,4,5,6,177.66,2026-05-02T21:14:01.000851,1065.96
47,4,2,5,131.79,2026-03-12T06:14:01.000851,658.9499999999999
48,20,5,9,237.08,2026-04-25T10:14:01.000851,2133.7200000000003
49,10,1,6,132.54,2026-03-19T17:14:01.000851,795.24
50,30,5,4,130.47,2026-03-13T01:14:01.000851,521.88
51,23,1,1,358.51,2026-03-04T04:14:01.000851,358.51
52,17,1,1,36.85,2026-05-05T05:14:01.000851,36.85
53,4,3,10,443.65,2026-03-16T11:14:01.000851,4436.5
54,14,5,4,152.53,2026-05-05T16:14:01.000851,610.12
55,13,1,7,184.2,2026-05-10T09:14:01.000851,1289.3999999999999
56,21,4,10,291.02,2026-05-28T19:14:01.000851,2910.2
57,13,1,8,311.53,2026-05-22T09:14:01.000851,2492.24
58,17,3,6,407.26,2026-05-18T14:14:01.000851,2443.56
59,27,3,6,319.93,2026-05-17T02:14:01.000851,1919.58
60,6,1,9,434.31,2026-04-06T00:14:01.000851,3908.79
61,5,5,6,20.08,2026-03-30T23:14:01.000851,120.47999999999999
62,3,5,4,156.5,2026-03-23T09:14:01.000851,626.0
63,6,4,6,374.07,2026-05-27T23:14:01.000851,2244.42
64,25,3,10,472.04,2026-05-12T05:14:01.000851,4720.400000000001
65,9,4,9,284.78,2026-05-27T00:14:01.000851,2563.0199999999995
66,3,2,7,265.72,2026-03-25T08:14:01.000851,1860.0400000000002
67,4,4,5,347.27,2026-05-14T03:14:01.000851,1736.35
68,25,5,3,371.64,2026-03-23T11:14:01.000851,1114.92
69,25,5,3,244.33,2026-05-31T19:14:01.000851,732.99
70,17,4,4,384.71,2026-04-17T21:14:01.000851,1538.84
71,3,5,2,256.46,2026-03-21T11:14:01.000851,512.92
72,18,3,10,97.44,2026-03-14T03:14:01.000851,974.4
73,5,3,9,153.65,2026-04-21T17:14:01.000851,1382.8500000000001
74,10,5,10,384.8,2026-03-30T05:14:01.000851,3848.0
75,26,5,6,375.34,2026-03-26T22:14:01.000851,2252.04
76,10,4,7,456.15,2026-03-24T18:14:01.000851,3193.0499999999997
77,18,1,8,93.49,2026-05-06T10:14:01.000851,747.92
78,18,5,4,31.46,2026-05-06T15:14:01.000851,125.84
79,6,4,2,137.66,2026-05-18T03:14:01.000851,275.32
80,22,4,5,376.63,2026-03-11T03:14:01.000851,1883.15
81,16,1,1,53.22,2026-05-06T07:14:01.000851,53.22
82,29,4,5,448.42,2026-03-02T20:14:01.000851,2242.1
83,28,1,4,324.69,2026-05-02T16:14:01.000851,1298.76
84,3,5,7,205.09,2026-05-04T15:14:01.000851,1435.63
85,12,3,8,36.85,2026-03-23T02:14:01.000851,294.8
86,4,4,8,57.94,2026-03-15T14:14:01.000851,463.52
87,23,1,6,237.77,2026-05-22T18:14:01.000851,1426.6200000000001
88,29,2,6,443.65,2026-06-01T11:14:01.000851,2661.8999999999996
89,18,3,8,222.17,2026-04-08T05:14:01.000851,1777.36
90,25,5,4,488.59,2026-03-20T00:14:01.000851,1954.36
91,1,4,7,461.72,2026-04-29T22:14:01.000851,3232.04
92,13,4,2,28.72,2026-03-04T14:14:01.000851,57.44
93,14,3,9,87.31,2026-03-31T20:14:01.000851,785.79
94,9,5,10,121.44,2026-04-27T21:14:01.000851,1214.4
95,2,4,10,182.85,2026-05-05T14:14:01.000851,1828.5
96,29,1,7,84.89,2026-04-02T19:14:01.000851,594.23
97,7,1,4,24.19,2026-04-14T16:14:01.000851,96.76
98,19,3,5,298.87,2026-04-19T12:14:01.000851,1494.35
99,13,5,1,410.47,2026-04-14T07:14:01.000851,410.47
100,12,2,10,469.96,2026-03-16T00:14:01.000851,4699.599999999999
101,25,5,8,386.13,2026-03-20T09:14:01.000851,3089.04
102,17,3,9,313.63,2026-05-26T09:14:01.000851,2822.67
103,5,4,6,189.68,2026-03-13T05:14:01.000851,1138.08
104,2,4,1,461.18,2026-03-18T19:14:01.000851,461.18
105,22,5,2,61.1,2026-05-06T17:14:01.000851,122.2
106,28,4,7,270.88,2026-03-30T02:14:01.000851,1896.1599999999999
107,12,1,5,63.42,2026-05-26T07:14:01.000851,317.1
108,21,3,6,165.6,2026-05-17T19:14:01.000851,993.5999999999999
109,21,4,9,129.64,2026-05-08T22:14:01.000851,1166.7599999999998
110,8,2,9,247.72,2026-04-12T10:14:01.000851,2229.48
111,5,4,7,20.66,2026-05-11T19:14:01.000851,144.62
112,19,4,7,159.9,2026-03-07T08:14:01.000851,1119.3
113,4,5,5,88.02,2026-04-08T06:14:01.000851,440.09999999999997
114,5,1,9,276.27,2026-05-07T04:14:01.000851,2486.43
115,16,5,3,194.03,2026-03-11T22:14:01.000851,582.09
116,19,1,5,377.89,2026-05-04T05:14:01.000851,1889.4499999999998
117,27,5,9,156.89,2026-03-28T21:14:01.000851,1412.0099999999998
118,21,5,8,138.59,2026-04-04T05:14:01.000851,1108.72
119,5,3,6,329.23,2026-04-30T14:14:01.000851,1975.38
120,4,5,4,443.26,2026-03-10T10:14:01.000851,1773.04
121,11,5,3,300.02,2026-04-30T03:14:01.000851,900.06
122,7,1,1,426.18,2026-03-05T13:14:01.000851,426.18
123,4,2,6,207.71,2026-04-02T03:14:01.000851,1246.26
124,15,1,3,15.59,2026-04-02T20:14:01.000851,46.769999999999996
125,30,3,2,227.43,2026-04-11T07:14:01.000851,454.86
126,10,2,4,432.19,2026-04-16T00:14:01.000851,1728.76
127,1,1,2,29.47,2026-03-30T14:14:01.000851,58.94
128,28,4,7,402.36,2026-05-17T06:14:01.000851,2816.52
129,22,4,3,85.65,2026-05-16T05:14:01.000851,256.95000000000005
130,15,1,3,108.07,2026-05-04T06:14:01.000851,324.21
131,8,3,8,129.36,2026-04-10T23:14:01.000851,1034.88
132,27,3,7,28.29,2026-03-16T07:14:01.000851,198.03
133,28,2,9,105.87,2026-04-26T12:14:01.000851,952.83
134,8,3,1,295.46,2026-04-27T15:14:01.000851,295.46
135,22,4,1,353.01,2026-03-06T14:14:01.000851,353.01
136,15,4,2,381.59,2026-05-17T00:14:01.000851,763.18
137,21,5,1,307.13,2026-03-22T06:14:01.000851,307.13
138,6,1,5,469.3,2026-04-25T02:14:01.000851,2346.5
139,30,5,7,308.02,2026-04-16T21:14:01.000851,2156.14
140,2,4,2,318.66,2026-04-30T18:14:01.000851,637.32
141,4,1,1,22.48,2026-03-22T10:14:01.000851,22.48
142,23,4,7,75.04,2026-05-04T11:14:01.000851,525.2800000000001
143,21,2,9,92.09,2026-04-13T18:14:01.000851,828.8100000000001
144,22,3,6,11.07,2026-04-21T14:14:01.000851,66.42
145,30,2,7,64.72,2026-05-04T06:14:01.000851,453.03999999999996
146,6,2,10,362.68,2026-04-08T14:14:01.000851,3626.8
147,24,1,1,263.47,2026-05-22T07:14:01.000851,263.47
148,10,5,9,106.7,2026-03-28T20:14:01.000851,960.3000000000001
149,14,2,6,175.16,2026-05-25T21:14:01.000851,1050.96
150,14,1,5,429.15,2026-05-11T17:14:01.000851,2145.75
151,30,1,5,357.01,2026-05-16T17:14:01.000851,1785.05
152,16,1,6,42.35,2026-03-30T08:14:01.000851,254.10000000000002
153,6,3,6,160.87,2026-05-22T20:14:01.000851,965.22
154,27,3,10,268.51,2026-03-18T04:14:01.000851,2685.1
155,17,5,2,265.8,2026-03-04T11:14:01.000851,531.6
156,13,4,5,420.88,2026-04-30T16:14:01.000851,2104.4
157,26,5,4,132.99,2026-04-20T13:14:01.000851,531.96
158,11,5,6,364.96,2026-05-05T12:14:01.000851,2189.7599999999998
159,7,5,2,199.51,2026-05-16T06:14:01.000851,399.02
160,5,5,8,330.13,2026-03-14T10:14:01.000851,2641.04
161,20,3,6,132.36,2026-05-26T12:14:01.000851,794.1600000000001
162,23,3,9,450.6,2026-05-13T05:14:01.000851,4055.4
163,4,3,4,443.63,2026-05-04T14:14:01.000851,1774.52
164,19,1,8,19.86,2026-04-30T07:14:01.000851,158.88
165,10,4,7,474.71,2026-04-08T19:14:01.000851,3322.97
166,22,2,4,414.38,2026-04-03T05:14:01.000851,1657.52
167,8,3,5,329.45,2026-05-13T08:14:01.000851,1647.25
168,20,4,2,177.22,2026-04-11T00:14:01.000851,354.44
169,27,1,6,403.78,2026-05-27T16:14:01.000851,2422.68
170,17,5,3,342.24,2026-04-18T12:14:01.000851,1026.72
171,3,2,3,398.17,2026-04-16T04:14:01.000851,1194.51
172,4,2,9,474.63,2026-03-13T03:14:01.000851,4271.67
173,25,2,2,212.89,2026-05-11T04:14:01.000851,425.78
174,30,1,1,86.57,2026-04-18T04:14:01.000851,86.57
175,2,4,2,90.58,2026-03-25T21:14:01.000851,181.16
176,15,5,1,22.24,2026-03-13T08:14:01.000851,22.24
177,6,4,10,39.84,2026-03-25T12:14:01.000851,398.40000000000003
178,18,3,1,72.52,2026-03-17T11:14:01.000851,72.52
179,27,1,6,499.01,2026-03-24T12:14:01.000851,2994.06
180,8,3,3,310.88,2026-03-24T20:14:01.000851,932.64
181,23,5,7,380.82,2026-05-01T10:14:01.000851,2665.74
182,21,3,6,429.05,2026-05-18T05:14:01.000851,2574.3
183,2,5,6,237.63,2026-05-16T18:14:01.000851,1425.78
184,17,3,2,73.44,2026-05-24T01:14:01.000851,146.88
185,23,2,7,183.07,2026-05-03T21:14:01.000851,1281.49
186,8,1,2,308.0,2026-03-27T23:14:01.000851,616.0
187,2,4,7,246.8,2026-03-13T03:14:01.000851,1727.6000000000001
188,1,1,10,492.81,2026-03-04T04:14:01.000851,4928.1
189,19,1,10,467.09,2026-05-04T12:14:01.000851,4670.9
190,11,5,10,197.53,2026-04-03T15:14:01.000851,1975.3
191,5,5,2,104.5,2026-03-24T16:14:01.000851,209.0
192,13,1,2,52.81,2026-04-17T07:14:01.000851,105.62
193,18,3,8,478.72,2026-03-30T16:14:01.000851,3829.76
194,16,5,4,194.14,2026-03-25T05:14:01.000851,776.56
195,22,4,8,102.52,2026-05-11T21:14:01.000851,820.16
196,1,4,3,466.21,2026-03-12T18:14:01.000851,1398.6299999999999
197,11,3,9,19.99,2026-05-21T21:14:01.000851,179.91
198,11,2,3,35.27,2026-03-19T03:14:01.000851,105.81
199,24,3,1,285.61,2026-03-09T06:14:01.000851,285.61
200,11,2,7,343.15,2026-05-21T17:14:01.000851,2402.0499999999997
201,4,3,4,227.44,2026-05-01T06:14:01.000851,909.76
202,18,2,7,232.59,2026-03-15T19:14:01.000851,1628.13
203,3,2,1,451.47,2026-03-13T14:14:01.000851,451.47
204,19,1,5,116.05,2026-03-17T11:14:01.000851,580.25
205,21,4,10,33.13,2026-03-18T19:14:01.000851,331.3
206,4,1,1,382.86,2026-04-06T05:14:01.000851,382.86
207,22,4,7,162.9,2026-03-07T14:14:01.000851,1140.3
208,30,5,4,184.23,2026-03-17T08:14:01.000851,736.92
209,21,4,9,23.39,2026-03-25T07:14:01.000851,210.51
210,15,4,4,253.18,2026-05-17T12:14:01.000851,1012.72
211,29,5,8,69.21,2026-04-27T04:14:01.000851,553.68
212,22,4,8,356.95,2026-05-02T15:14:01.000851,2855.6
213,28,4,10,202.16,2026-05-13T14:14:01.000851,2021.6
214,9,4,10,343.91,2026-03-15T04:14:01.000851,3439.1000000000004
215,10,5,4,299.52,2026-04-20T14:14:01.000851,1198.08
216,22,4,2,15.13,2026-05-13T11:14:01.000851,30.26
217,29,1,6,159.88,2026-04-28T16:14:01.000851,959.28
218,24,3,9,478.68,2026-03-29T08:14:01.000851,4308.12
219,27,4,7,431.56,2026-03-17T14:14:01.000851,3020.92
220,3,4,1,406.63,2026-03-04T05:14:01.000851,406.63
221,14,5,1,49.91,2026-04-28T10:14:01.000851,49.91
222,23,2,7,349.89,2026-04-15T23:14:01.000851,2449.23
223,5,4,8,193.18,2026-05-18T08:14:01.000851,1545.44
224,2,1,9,410.13,2026-05-08T11:14:01.000851,3691.17
225,14,5,7,226.99,2026-04-11T08:14:01.000851,1588.93
226,15,2,6,324.85,2026-04-11T18:14:01.000851,1949.1000000000001
227,29,5,3,180.11,2026-04-25T15:14:01.000851,540.33
228,3,3,3,408.64,2026-05-25T19:14:01.000851,1225.92
229,9,2,2,352.06,2026-04-29T22:14:01.000851,704.12
230,26,2,6,475.94,2026-05-18T03:14:01.000851,2855.64
231,4,1,6,288.52,2026-03-02T17:14:01.000851,1731.12
232,9,3,9,367.87,2026-04-22T13:14:01.000851,3310.83
233,25,5,5,301.19,2026-03-17T14:14:01.000851,1505.95
234,15,1,8,29.67,2026-04-25T06:14:01.000851,237.36
235,29,2,5,166.79,2026-05-06T20:14:01.000851,833.9499999999999
236,14,5,8,178.92,2026-05-01T21:14:01.000851,1431.36
237,8,1,6,145.97,2026-03-26T20:14:01.000851,875.8199999999999
238,6,1,6,50.97,2026-05-17T13:14:01.000851,305.82
239,4,3,9,460.71,2026-04-09T14:14:01.000851,4146.389999999999
240,24,2,1,337.11,2026-04-25T15:14:01.000851,337.11
241,17,3,5,297.6,2026-04-25T22:14:01.000851,1488.0
242,25,2,5,125.56,2026-05-18T07:14:01.000851,627.8
243,2,3,4,156.06,2026-03-26T03:14:01.000851,624.24
244,19,5,7,280.35,2026-05-25T20:14:01.000851,1962.4500000000003
245,7,3,7,266.98,2026-04-16T09:14:01.000851,1868.8600000000001
246,19,3,10,383.78,2026-04-26T13:14:01.000851,3837.7999999999997
247,25,3,9,143.37,2026-03-14T20:14:01.000851,1290.33
248,11,5,8,495.79,2026-05-05T17:14:01.000851,3966.32
249,11,2,4,34.86,2026-05-27T13:14:01.000851,139.44
250,30,5,1,26.21,2026-03-14T20:14:01.000851,26.21
251,21,2,6,495.23,2026-03-10T14:14:01.000851,2971.38
252,6,3,4,479.89,2026-03-04T23:14:01.000851,1919.56
253,4,1,5,430.5,2026-03-03T11:14:01.000851,2152.5
254,3,2,3,450.91,2026-04-23T11:14:01.000851,1352.73
255,13,2,5,134.97,2026-04-04T11:14:01.000851,674.85
256,10,3,8,23.35,2026-03-18T09:14:01.000851,186.8
257,6,5,7,412.51,2026-04-26T01:14:01.000851,2887.5699999999997
258,12,1,10,495.2,2026-03-14T19:14:01.000851,4952.0
259,29,4,5,171.98,2026-03-13T06:14:01.000851,859.9
260,3,4,3,330.57,2026-04-08T03:14:01.000851,991.71
261,27,3,8,384.45,2026-04-17T11:14:01.000851,3075.6
262,14,4,7,311.18,2026-05-09T09:14:01.000851,2178.26
263,2,1,9,435.4,2026-03-28T20:14:01.000851,3918.6
264,20,5,10,285.62,2026-05-05T02:14:01.000851,2856.2
265,24,5,3,181.18,2026-04-19T20:14:01.000851,543.54
266,25,1,8,12.21,2026-04-24T21:14:01.000851,97.68
267,15,5,10,124.82,2026-03-13T23:14:01.000851,1248.1999999999998
268,26,4,1,317.35,2026-04-04T20:14:01.000851,317.35
269,14,4,7,173.12,2026-05-11T04:14:01.000851,1211.8400000000001
270,28,5,6,240.97,2026-04-10T01:14:01.000851,1445.82
271,6,1,2,349.03,2026-05-07T13:14:01.000851,698.06
272,19,2,7,53.48,2026-05-11T17:14:01.000851,374.35999999999996
273,3,2,5,432.58,2026-03-18T01:14:01.000851,2162.9
274,24,4,3,137.65,2026-04-08T20:14:01.000851,412.95000000000005
275,6,3,1,254.08,2026-04-14T11:14:01.000851,254.08
276,16,3,8,419.85,2026-05-18T22:14:01.000851,3358.8
277,1,3,1,350.79,2026-05-23T14:14:01.000851,350.79
278,19,3,9,469.77,2026-04-22T05:14:01.000851,4227.93
279,29,4,4,482.52,2026-05-20T19:14:01.000851,1930.08
280,20,5,3,244.58,2026-04-07T00:14:01.000851,733.74
281,18,2,5,181.29,2026-05-22T20:14:01.000851,906.4499999999999
282,7,1,6,108.83,2026-03-06T10:14:01.000851,652.98
283,12,1,9,44.55,2026-03-16T13:14:01.000851,400.95
284,16,2,8,110.61,2026-03-06T14:14:01.000851,884.88
285,19,1,3,347.28,2026-04-10T11:14:01.000851,1041.84
286,23,2,3,171.99,2026-03-21T15:14:01.000851,515.97
287,27,1,8,133.69,2026-04-12T16:14:01.000851,1069.52
288,9,5,2,204.72,2026-04-28T09:14:01.000851,409.44
289,29,1,9,140.87,2026-03-03T17:14:01.000851,1267.83
290,9,4,1,434.25,2026-05-14T08:14:01.000851,434.25
291,18,2,7,419.9,2026-04-30T15:14:01.000851,2939.2999999999997
292,22,3,5,272.81,2026-04-05T06:14:01.000851,1364.05
293,30,1,4,358.98,2026-03-16T12:14:01.000851,1435.92
294,20,1,5,205.06,2026-05-23T20:14:01.000851,1025.3
295,12,4,6,457.89,2026-03-16T08:14:01.000851,2747.34
296,6,2,1,434.52,2026-04-22T22:14:01.000851,434.52
297,23,5,8,435.65,2026-03-17T22:14:01.000851,3485.2
298,11,1,9,490.85,2026-03-22T22:14:01.000851,4417.650000000001
299,4,1,9,195.14,2026-03-06T09:14:01.000851,1756.2599999999998
300,28,2,8,445.97,2026-05-27T18:14:01.000851,3567.76
301,26,2,9,236.89,2026-04-20T13:14:01.000851,2132.0099999999998
302,14,1,5,133.35,2026-05-17T14:14:01.000851,666.75
303,22,2,9,126.56,2026-04-18T00:14:01.000851,1139.04
304,29,1,2,203.04,2026-03-23T18:14:01.000851,406.08
305,17,2,8,452.39,2026-03-29T03:14:01.000851,3619.12
306,4,1,6,223.86,2026-04-19T16:14:01.000851,1343.16
307,7,5,8,34.91,2026-03-09T08:14:01.000851,279.28
308,19,2,8,232.42,2026-03-12T17:14:01.000851,1859.36
309,6,2,2,323.41,2026-04-05T15:14:01.000851,646.82
310,16,2,1,292.37,2026-03-22T02:14:01.000851,292.37
311,15,4,5,196.59,2026-05-06T14:14:01.000851,982.95
312,30,4,3,23.52,2026-05-17T21:14:01.000851,70.56
313,17,2,4,282.55,2026-05-06T05:14:01.000851,1130.2
314,13,5,7,150.51,2026-04-20T11:14:01.000851,1053.57
315,1,2,6,120.65,2026-04-25T18:14:01.000851,723.9000000000001
316,19,1,9,431.09,2026-03-16T20:14:01.000851,3879.81
317,11,5,4,197.75,2026-03-30T20:14:01.000851,791.0
318,9,2,2,418.64,2026-05-10T10:14:01.000851,837.28
319,28,1,3,246.15,2026-05-06T15:14:01.000851,738.45
320,20,4,8,263.12,2026-04-06T04:14:01.000851,2104.96
321,15,2,1,429.36,2026-05-29T14:14:01.000851,429.36
322,11,3,8,224.14,2026-04-16T02:14:01.000851,1793.12
323,19,5,8,48.86,2026-04-17T07:14:01.000851,390.88
324,10,2,1,195.81,2026-05-21T01:14:01.000851,195.81
325,26,5,2,58.68,2026-03-02T14:14:01.000851,117.36
326,12,1,5,210.13,2026-05-01T12:14:01.000851,1050.65
327,5,4,9,18.43,2026-03-27T23:14:01.000851,165.87
328,28,1,4,126.11,2026-03-13T05:14:01.000851,504.44
329,26,1,9,375.19,2026-04-21T12:14:01.000851,3376.71
330,30,1,8,307.81,2026-05-03T04:14:01.000851,2462.48
331,20,4,1,66.47,2026-04-06T17:14:01.000851,66.47
332,4,1,1,318.13,2026-04-09T20:14:01.000851,318.13
333,22,4,3,139.33,2026-04-08T14:14:01.000851,417.99
334,21,5,7,497.14,2026-03-29T12:14:01.000851,3479.98
335,9,3,4,63.64,2026-03-21T16:14:01.000851,254.56
336,21,4,3,319.79,2026-03-17T23:14:01.000851,959.3700000000001
337,3,1,10,329.78,2026-05-31T07:14:01.000851,3297.7999999999997
338,22,4,1,423.84,2026-04-24T13:14:01.000851,423.84
339,27,3,9,171.68,2026-04-23T22:14:01.000851,1545.1200000000001
340,21,2,7,303.79,2026-03-10T05:14:01.000851,2126.53
341,15,1,10,408.23,2026-05-03T12:14:01.000851,4082.3
342,18,2,10,95.73,2026-04-24T11:14:01.000851,957.3000000000001
343,27,5,3,82.18,2026-04-08T19:14:01.000851,246.54000000000002
344,21,1,5,369.58,2026-05-25T15:14:01.000851,1847.8999999999999
345,10,4,9,190.83,2026-03-23T12:14:01.000851,1717.47
346,4,3,6,63.37,2026-05-08T10:14:01.000851,380.21999999999997
347,13,1,3,287.33,2026-04-09T19:14:01.000851,861.99
348,26,5,9,287.33,2026-03-27T21:14:01.000851,2585.97
349,5,2,8,474.88,2026-05-29T04:14:01.000851,3799.04
350,18,3,7,413.12,2026-04-19T18:14:01.000851,2891.84
351,25,2,2,322.55,2026-04-30T12:14:01.000851,645.1
352,10,1,6,282.25,2026-05-25T14:14:01.000851,1693.5
353,6,2,9,425.04,2026-05-06T04:14:01.000851,3825.36
354,15,1,7,195.06,2026-03-15T20:14:01.000851,1365.42
355,4,5,10,488.61,2026-04-07T02:14:01.000851,4886.1
356,21,1,4,140.42,2026-05-27T08:14:01.000851,561.68
357,15,5,9,467.77,2026-05-14T14:14:01.000851,4209.93
358,21,3,5,168.38,2026-04-14T08:14:01.000851,841.9
359,30,5,5,193.68,2026-03-21T03:14:01.000851,968.4000000000001
360,4,2,7,469.5,2026-04-30T08:14:01.000851,3286.5
361,30,1,5,318.55,2026-04-23T12:14:01.000851,1592.75
362,15,5,5,271.39,2026-05-19T12:14:01.000851,1356.9499999999998
363,12,1,8,498.67,2026-03-26T15:14:01.000851,3989.36
364,20,1,6,115.2,2026-03-23T03:14:01.000851,691.2
365,5,3,7,457.79,2026-05-20T05:14:01.000851,3204.53
366,20,2,10,216.24,2026-05-31T01:14:01.000851,2162.4
367,16,4,6,397.25,2026-03-13T21:14:01.000851,2383.5
368,8,1,4,61.73,2026-05-31T05:14:01.000851,246.92
369,18,3,1,409.39,2026-05-14T05:14:01.000851,409.39
370,22,5,4,204.09,2026-04-13T09:14:01.000851,816.36
371,24,2,5,296.75,2026-04-07T21:14:01.000851,1483.75
372,14,5,9,297.44,2026-05-04T11:14:01.000851,2676.96
373,21,4,7,145.12,2026-05-30T20:14:01.000851,1015.84
374,30,2,8,17.57,2026-04-10T06:14:01.000851,140.56
375,20,5,7,32.54,2026-04-26T06:14:01.000851,227.78
376,13,3,3,461.68,2026-05-10T16:14:01.000851,1385.04
377,29,3,2,180.54,2026-03-07T02:14:01.000851,361.08
378,1,3,10,358.54,2026-03-10T02:14:01.000851,3585.4
379,20,3,9,213.68,2026-05-28T09:14:01.000851,1923.1200000000001
380,13,4,4,480.2,2026-03-12T13:14:01.000851,1920.8
381,25,3,10,380.31,2026-05-16T07:14:01.000851,3803.1
382,11,4,10,31.66,2026-03-26T03:14:01.000851,316.6
383,14,3,7,428.94,2026-03-14T13:14:01.000851,3002.58
384,29,2,3,269.53,2026-03-05T05:14:01.000851,808.5899999999999
385,26,2,4,203.24,2026-05-03T03:14:01.000851,812.96
386,8,5,3,42.28,2026-05-09T19:14:01.000851,126.84
387,20,3,2,431.14,2026-03-25T03:14:01.000851,862.28
388,25,3,4,396.14,2026-03-29T00:14:01.000851,1584.56
389,18,3,7,374.99,2026-05-01T21:14:01.000851,2624.9300000000003
390,30,4,6,167.91,2026-05-12T17:14:01.000851,1007.46
391,6,5,3,281.44,2026-04-11T17:14:01.000851,844.3199999999999
392,8,3,10,413.46,2026-03-05T06:14:01.000851,4134.599999999999
393,2,4,6,467.48,2026-05-17T10:14:01.000851,2804.88
394,11,2,5,102.41,2026-03-14T01:14:01.000851,512.05
395,27,4,9,415.72,2026-03-28T17:14:01.000851,3741.4800000000005
396,2,5,2,60.55,2026-04-04T16:14:01.000851,121.1
397,28,4,8,18.44,2026-04-13T02:14:01.000851,147.52
398,7,3,1,378.93,2026-03-17T17:14:01.000851,378.93
399,3,4,1,110.56,2026-03-14T10:14:01.000851,110.56
400,29,4,7,358.51,2026-05-08T06:14:01.000851,2509.5699999999997
401,23,1,5,445.2,2026-03-23T07:14:01.000851,2226.0
402,17,4,9,80.26,2026-03-06T16:14:01.000851,722.34
403,9,5,9,204.76,2026-05-30T14:14:01.000851,1842.84
404,6,3,3,411.28,2026-04-21T14:14:01.000851,1233.84
405,28,5,10,404.01,2026-05-16T14:14:01.000851,4040.1
406,20,4,9,37.45,2026-03-04T14:14:01.000851,337.05
407,15,3,10,189.78,2026-03-04T08:14:01.000851,1897.8
408,18,5,4,359.05,2026-04-18T02:14:01.000851,1436.2
409,21,5,5,115.89,2026-03-05T00:14:01.000851,579.45
410,24,2,2,430.85,2026-05-31T11:14:01.000851,861.7
411,15,5,8,153.1,2026-04-25T12:14:01.000851,1224.8
412,21,3,8,469.32,2026-04-04T23:14:01.000851,3754.56
413,13,3,2,188.37,2026-05-05T17:14:01.000851,376.74
414,6,3,4,321.21,2026-05-15T10:14:01.000851,1284.84
415,29,4,8,246.18,2026-03-08T06:14:01.000851,1969.44
416,20,1,9,228.01,2026-03-08T15:14:01.000851,2052.09
417,30,2,5,189.35,2026-03-03T10:14:01.000851,946.75
418,8,4,3,273.29,2026-05-09T23:14:01.000851,819.8700000000001
419,20,4,5,23.02,2026-04-02T16:14:01.000851,115.1
420,27,1,2,425.45,2026-04-11T23:14:01.000851,850.9
421,2,1,10,461.57,2026-05-13T23:14:01.000851,4615.7
422,29,1,8,234.3,2026-04-29T01:14:01.000851,1874.4
423,1,4,1,205.63,2026-04-02T16:14:01.000851,205.63
424,27,1,8,167.39,2026-04-01T08:14:01.000851,1339.12
425,11,5,9,124.12,2026-05-16T19:14:01.000851,1117.08
426,17,1,9,200.04,2026-05-02T22:14:01.000851,1800.36
427,2,5,9,229.19,2026-04-04T13:14:01.000851,2062.71
428,30,4,3,320.38,2026-05-21T07:14:01.000851,961.14
429,10,1,5,156.25,2026-03-15T18:14:01.000851,781.25
430,7,5,3,37.38,2026-04-29T20:14:01.000851,112.14000000000001
431,19,1,4,228.24,2026-03-03T04:14:01.000851,912.96
432,3,3,6,420.16,2026-04-18T15:14:01.000851,2520.96
433,11,1,8,167.4,2026-05-19T22:14:01.000851,1339.2
434,25,3,8,184.84,2026-05-03T07:14:01.000851,1478.72
435,12,3,5,239.53,2026-03-13T18:14:01.000851,1197.65
436,16,2,6,336.64,2026-04-30T00:14:01.000851,2019.84
437,30,4,5,412.14,2026-04-19T15:14:01.000851,2060.7
438,11,3,9,249.84,2026-06-01T10:14:01.000851,2248.56
439,7,3,7,386.22,2026-05-03T23:14:01.000851,2703.54
440,11,2,6,441.59,2026-05-23T15:14:01.000851,2649.54
441,18,4,1,474.14,2026-04-28T16:14:01.000851,474.14
442,11,2,6,273.47,2026-04-20T22:14:01.000851,1640.8200000000002
443,16,2,6,376.99,2026-03-13T15:14:01.000851,2261.94
444,19,3,8,362.72,2026-03-05T21:14:01.000851,2901.76
445,17,2,7,248.34,2026-04-26T08:14:01.000851,1738.38
446,6,3,5,127.59,2026-04-14T18:14:01.000851,637.95
447,6,4,7,58.1,2026-04-06T05:14:01.000851,406.7
448,8,5,9,322.26,2026-04-08T03:14:01.000851,2900.34
449,27,4,1,224.34,2026-04-30T09:14:01.000851,224.34
450,1,1,5,460.74,2026-03-26T10:14:01.000851,2303.7
451,2,4,6,259.05,2026-03-28T02:14:01.000851,1554.3000000000002
452,22,1,4,386.07,2026-04-12T10:14:01.000851,1544.28
453,29,4,3,445.91,2026-04-03T15:14:01.000851,1337.73
454,2,4,3,317.09,2026-03-25T02:14:01.000851,951.27
455,16,4,6,390.69,2026-04-11T13:14:01.000851,2344.14
456,10,3,5,435.24,2026-05-09T06:14:01.000851,2176.2
457,4,1,6,214.08,2026-04-09T12:14:01.000851,1284.48
458,26,4,7,172.99,2026-05-30T11:14:01.000851,1210.93
459,12,2,4,251.97,2026-04-04T06:14:01.000851,1007.88
460,20,4,5,39.15,2026-03-23T17:14:01.000851,195.75
461,8,5,9,122.52,2026-03-03T08:14:01.000851,1102.68
462,2,5,3,266.46,2026-03-13T01:14:01.000851,799.3799999999999
463,12,1,2,245.39,2026-04-22T06:14:01.000851,490.78
464,2,4,1,237.31,2026-05-19T11:14:01.000851,237.31
465,7,4,3,63.11,2026-05-14T03:14:01.000851,189.32999999999998
466,19,4,9,324.4,2026-05-30T12:14:01.000851,2919.6
467,4,1,4,153.23,2026-04-25T22:14:01.000851,612.92
468,29,3,2,478.14,2026-05-31T17:14:01.000851,956.28
469,21,4,1,454.64,2026-05-08T02:14:01.000851,454.64
470,17,5,6,324.53,2026-05-05T09:14:01.000851,1947.1799999999998
471,11,5,2,159.97,2026-04-21T19:14:01.000851,319.94
472,25,5,5,450.42,2026-04-18T11:14:01.000851,2252.1
473,20,3,2,222.76,2026-03-13T14:14:01.000851,445.52
474,12,3,4,204.47,2026-05-29T07:14:01.000851,817.88
475,16,3,9,314.14,2026-04-03T08:14:01.000851,2827.2599999999998
476,1,2,8,477.83,2026-03-04T01:14:01.000851,3822.64
477,21,1,1,325.26,2026-04-20T13:14:01.000851,325.26
478,10,1,4,452.17,2026-05-01T23:14:01.000851,1808.68
479,24,3,2,48.12,2026-04-08T07:14:01.000851,96.24
480,14,3,6,384.6,2026-03-30T09:14:01.000851,2307.6000000000004
481,14,4,9,147.4,2026-04-05T00:14:01.000851,1326.6000000000001
482,17,3,3,290.33,2026-05-08T03:14:01.000851,870.99
483,13,2,3,462.59,2026-05-15T20:14:01.000851,1387.77
484,15,4,2,251.15,2026-04-07T14:14:01.000851,502.3
485,6,5,5,427.96,2026-05-03T23:14:01.000851,2139.7999999999997
486,3,2,2,300.22,2026-05-24T14:14:01.000851,600.44
487,5,3,3,29.29,2026-04-05T13:14:01.000851,87.87
488,2,4,10,114.0,2026-03-29T10:14:01.000851,1140.0
489,30,1,3,347.52,2026-05-08T17:14:01.000851,1042.56
490,1,2,3,23.54,2026-04-09T07:14:01.000851,70.62
491,25,1,10,56.57,2026-05-06T14:14:01.000851,565.7
492,6,5,4,354.44,2026-03-26T02:14:01.000851,1417.76
493,24,4,6,487.38,2026-03-22T19:14:01.000851,2924.2799999999997
494,28,4,10,311.77,2026-04-25T21:14:01.000851,3117.7
495,14,3,8,203.96,2026-05-09T14:14:01.000851,1631.68
496,25,2,2,411.84,2026-03-10T13:14:01.000851,823.68
497,8,4,10,83.38,2026-05-09T18:14:01.000851,833.8
498,1,4,3,477.0,2026-03-04T09:14:01.000851,1431.0
499,16,2,2,224.0,2026-04-25T06:14:01.000851,448.0
500,6,5,7,124.35,2026-03-03T22:14:01.000851,870.4499999999999
501,6,4,9,113.19,2026-05-29T23:14:01.000851,1018.71
502,18,4,9,38.46,2026-04-28T00:14:01.000851,346.14
503,29,3,9,22.78,2026-05-21T16:14:01.000851,205.02
504,8,5,10,28.49,2026-05-14T01:14:01.000851,284.9
505,23,3,2,267.92,2026-05-15T19:14:01.000851,535.84
506,17,5,10,238.54,2026-05-10T10:14:01.000851,2385.4
507,13,1,2,14.84,2026-05-14T09:14:01.000851,29.68
508,22,1,7,93.64,2026-04-16T06:14:01.000851,655.48
509,4,4,9,243.59,2026-04-10T01:14:01.000851,2192.31
510,28,4,5,258.14,2026-05-09T09:14:01.000851,1290.6999999999998
511,8,5,9,495.58,2026-05-29T09:14:01.000851,4460.22
512,9,1,5,345.98,2026-05-10T01:14:01.000851,1729.9
513,11,3,3,305.59,2026-04-30T02:14:01.000851,916.77
514,22,5,1,172.03,2026-05-20T21:14:01.000851,172.03
515,26,3,3,383.11,2026-05-31T02:14:01.000851,1149.33
516,27,2,1,471.47,2026-05-02T12:14:01.000851,471.47
517,30,2,7,370.44,2026-05-12T11:14:01.000851,2593.08
518,18,3,7,391.68,2026-03-29T19:14:01.000851,2741.76
519,12,4,1,393.68,2026-04-21T21:14:01.000851,393.68
520,9,4,10,370.98,2026-04-14T17:14:01.000851,3709.8
521,28,3,8,347.49,2026-04-25T20:14:01.000851,2779.92
522,18,1,8,38.39,2026-05-19T22:14:01.000851,307.12
523,15,2,7,362.7,2026-03-20T12:14:01.000851,2538.9
524,27,3,5,301.93,2026-04-01T12:14:01.000851,1509.65
525,6,1,7,253.02,2026-03-08T02:14:01.000851,1771.14
526,13,2,8,341.65,2026-03-04T20:14:01.000851,2733.2
527,9,4,9,457.98,2026-04-17T13:14:01.000851,4121.82
528,20,2,10,406.39,2026-03-18T10:14:01.000851,4063.8999999999996
529,13,5,6,50.97,2026-05-19T00:14:01.000851,305.82
530,17,2,7,126.01,2026-05-06T22:14:01.000851,882.07
531,5,5,7,51.57,2026-05-02T09:14:01.000851,360.99
532,25,5,1,237.51,2026-05-22T05:14:01.000851,237.51
533,15,5,7,460.14,2026-03-06T04:14:01.000851,3220.98
534,19,2,7,72.84,2026-05-25T05:14:01.000851,509.88
535,19,5,7,23.45,2026-05-01T12:14:01.000851,164.15
536,18,4,8,80.85,2026-03-30T15:14:01.000851,646.8
537,10,3,6,482.8,2026-03-30T18:14:01.000851,2896.8
538,25,3,9,213.61,2026-04-23T21:14:01.000851,1922.4900000000002
539,3,4,4,226.33,2026-04-13T20:14:01.000851,905.32
540,13,5,4,459.18,2026-05-16T01:14:01.000851,1836.72
541,4,5,4,35.61,2026-04-04T20:14:01.000851,142.44
542,10,1,3,226.66,2026-04-29T14:14:01.000851,679.98
543,2,2,2,113.4,2026-04-23T11:14:01.000851,226.8
544,26,5,1,245.26,2026-04-14T18:14:01.000851,245.26
545,30,4,9,128.35,2026-03-11T12:14:01.000851,1155.1499999999999
546,26,1,5,298.72,2026-05-19T20:14:01.000851,1493.6000000000001
547,14,3,6,429.13,2026-03-05T07:14:01.000851,2574.7799999999997
548,24,3,10,39.03,2026-03-03T04:14:01.000851,390.3
549,13,2,2,318.12,2026-03-13T19:14:01.000851,636.24
550,29,1,4,104.2,2026-03-27T17:14:01.000851,416.8
551,10,1,10,476.71,2026-03-11T11:14:01.000851,4767.099999999999
552,12,3,10,150.17,2026-05-20T13:14:01.000851,1501.6999999999998
553,16,2,9,118.7,2026-03-16T00:14:01.000851,1068.3
554,19,3,10,226.34,2026-04-28T23:14:01.000851,2263.4
555,8,2,5,236.81,2026-03-20T01:14:01.000851,1184.05
556,1,2,5,95.87,2026-05-06T18:14:01.000851,479.35
557,20,1,7,198.33,2026-05-20T10:14:01.000851,1388.3100000000002
558,4,3,3,308.96,2026-04-06T21:14:01.000851,926.8799999999999
559,14,5,6,259.18,2026-03-11T19:14:01.000851,1555.08
560,3,4,4,473.4,2026-04-30T15:14:01.000851,1893.6
561,19,2,8,316.55,2026-05-16T13:14:01.000851,2532.4
562,17,3,4,346.92,2026-03-05T10:14:01.000851,1387.68
563,9,1,5,85.64,2026-03-23T18:14:01.000851,428.2
564,5,1,4,354.23,2026-04-11T02:14:01.000851,1416.92
565,10,3,1,400.87,2026-03-04T22:14:01.000851,400.87
566,5,2,9,63.36,2026-04-19T06:14:01.000851,570.24
567,26,1,4,145.98,2026-05-02T21:14:01.000851,583.92
568,27,2,8,179.75,2026-05-03T12:14:01.000851,1438.0
569,29,4,2,228.56,2026-04-21T18:14:01.000851,457.12
570,6,3,2,246.43,2026-05-20T12:14:01.000851,492.86
571,15,5,4,114.95,2026-05-02T07:14:01.000851,459.8
572,10,3,5,262.22,2026-04-02T19:14:01.000851,1311.1000000000001
573,14,4,4,13.41,2026-04-09T09:14:01.000851,53.64
574,14,3,4,267.8,2026-04-03T15:14:01.000851,1071.2
575,13,3,2,456.59,2026-04-21T05:14:01.000851,913.18
576,1,2,5,406.31,2026-04-03T19:14:01.000851,2031.55
577,30,1,8,236.24,2026-05-16T04:14:01.000851,1889.92
578,7,4,8,275.88,2026-04-29T22:14:01.000851,2207.04
579,12,5,4,86.27,2026-04-25T00:14:01.000851,345.08
580,15,2,7,359.17,2026-03-31T14:14:01.000851,2514.19
581,1,5,5,224.25,2026-05-02T05:14:01.000851,1121.25
582,18,3,10,141.17,2026-05-31T18:14:01.000851,1411.6999999999998
583,19,2,4,366.46,2026-04-24T12:14:01.000851,1465.84
584,29,3,9,356.68,2026-05-20T08:14:01.000851,3210.12
585,25,4,3,421.21,2026-06-01T00:14:01.000851,1263.6299999999999
586,22,2,6,92.48,2026-03-05T22:14:01.000851,554.88
587,16,4,9,443.65,2026-04-17T12:14:01.000851,3992.85
588,19,2,10,278.3,2026-04-17T07:14:01.000851,2783.0
589,28,1,7,409.06,2026-05-30T19:14:01.000851,2863.42
590,18,4,10,455.05,2026-03-31T18:14:01.000851,4550.5
591,9,2,1,99.19,2026-03-15T04:14:01.000851,99.19
592,1,4,10,74.61,2026-03-15T14:14:01.000851,746.1
593,26,3,1,462.55,2026-05-20T09:14:01.000851,462.55
594,11,1,5,105.58,2026-04-05T13:14:01.000851,527.9
595,13,4,6,110.51,2026-04-06T06:14:01.000851,663.0600000000001
596,22,2,5,285.23,2026-04-10T20:14:01.000851,1426.15
597,18,3,2,113.57,2026-03-15T11:14:01.000851,227.14
598,4,4,7,186.76,2026-03-29T05:14:01.000851,1307.32
599,10,2,5,186.17,2026-03-18T09:14:01.000851,930.8499999999999
600,3,2,7,211.26,2026-04-11T03:14:01.000851,1478.82
601,14,3,3,183.84,2026-05-13T21:14:01.000851,551.52
602,30,3,3,145.71,2026-03-31T11:14:01.000851,437.13
603,25,5,9,249.28,2026-03-08T18:14:01.000851,2243.52
604,15,2,7,75.17,2026-03-19T02:14:01.000851,526.19
605,7,4,6,62.91,2026-03-14T17:14:01.000851,377.46
606,3,1,8,343.87,2026-05-30T09:14:01.000851,2750.96
607,13,3,2,434.31,2026-04-26T21:14:01.000851,868.62
608,3,3,10,149.01,2026-05-08T01:14:01.000851,1490.1
609,11,1,10,282.3,2026-04-16T03:14:01.000851,2823.0
610,20,4,7,431.23,2026-03-15T11:14:01.000851,3018.61
611,10,5,2,303.88,2026-03-25T10:14:01.000851,607.76
612,18,2,4,180.83,2026-03-23T04:14:01.000851,723.32
613,14,4,7,356.4,2026-03-30T18:14:01.000851,2494.7999999999997
614,24,1,2,79.98,2026-04-25T15:14:01.000851,159.96
615,9,4,5,412.92,2026-03-19T05:14:01.000851,2064.6
616,1,2,1,62.38,2026-03-20T10:14:01.000851,62.38
617,1,5,9,485.83,2026-04-03T11:14:01.000851,4372.47
618,6,5,8,187.31,2026-03-06T00:14:01.000851,1498.48
619,18,4,5,76.49,2026-04-02T23:14:01.000851,382.45
620,26,5,8,346.53,2026-03-18T11:14:01.000851,2772.24
621,2,4,1,68.0,2026-03-21T15:14:01.000851,68.0
622,8,3,10,32.29,2026-05-08T00:14:01.000851,322.9
623,12,2,1,379.86,2026-05-21T13:14:01.000851,379.86
624,23,5,3,457.67,2026-05-25T15:14:01.000851,1373.01
625,2,3,2,472.24,2026-03-17T15:14:01.000851,944.48
626,26,2,4,495.09,2026-05-17T10:14:01.000851,1980.36
627,4,3,6,388.77,2026-04-01T04:14:01.000851,2332.62
628,22,3,3,148.0,2026-03-18T12:14:01.000851,444.0
629,18,3,4,482.53,2026-03-14T07:14:01.000851,1930.12
630,6,1,2,374.86,2026-04-11T01:14:01.000851,749.72
631,13,1,9,328.53,2026-04-11T06:14:01.000851,2956.7699999999995
632,12,4,4,314.48,2026-05-26T08:14:01.000851,1257.92
633,10,2,7,240.14,2026-05-31T04:14:01.000851,1680.98
634,2,3,8,242.74,2026-03-31T04:14:01.000851,1941.92
635,28,5,1,52.76,2026-03-21T23:14:01.000851,52.76
636,28,1,2,402.25,2026-03-14T09:14:01.000851,804.5
637,5,4,9,487.69,2026-05-13T03:14:01.000851,4389.21
638,6,2,10,177.54,2026-04-17T06:14:01.000851,1775.3999999999999
639,3,3,6,380.13,2026-04-18T15:14:01.000851,2280.7799999999997
640,27,3,6,56.58,2026-05-12T05:14:01.000851,339.48
641,17,2,5,358.69,2026-05-03T02:14:01.000851,1793.45
642,28,1,3,249.98,2026-04-10T01:14:01.000851,749.9399999999999
643,20,3,6,365.05,2026-04-09T07:14:01.000851,2190.3
644,7,4,2,280.64,2026-05-02T13:14:01.000851,561.28
645,3,2,6,484.5,2026-03-11T12:14:01.000851,2907.0
646,24,2,1,15.09,2026-04-14T18:14:01.000851,15.09
647,22,5,6,181.46,2026-05-29T19:14:01.000851,1088.76
648,12,5,8,295.8,2026-05-18T17:14:01.000851,2366.4
649,5,4,9,228.66,2026-03-31T01:14:01.000851,2057.94
650,29,4,1,200.66,2026-03-15T08:14:01.000851,200.66
651,23,4,4,412.78,2026-05-15T03:14:01.000851,1651.12
652,15,5,9,270.42,2026-05-09T00:14:01.000851,2433.78
653,23,2,4,435.3,2026-04-29T14:14:01.000851,1741.2
654,30,5,7,52.87,2026-03-25T23:14:01.000851,370.09
655,8,2,3,469.41,2026-05-05T09:14:01.000851,1408.23
656,6,3,2,305.03,2026-03-07T17:14:01.000851,610.06
657,8,5,2,229.32,2026-04-30T14:14:01.000851,458.64
658,26,3,2,43.55,2026-05-31T23:14:01.000851,87.1
659,15,3,5,359.79,2026-04-28T00:14:01.000851,1798.95
660,19,3,10,443.79,2026-03-26T11:14:01.000851,4437.900000000001
661,9,1,8,12.44,2026-04-17T14:14:01.000851,99.52
662,1,3,7,256.46,2026-04-16T06:14:01.000851,1795.2199999999998
663,17,1,6,103.08,2026-05-04T16:14:01.000851,618.48
664,28,1,9,86.59,2026-05-03T01:14:01.000851,779.3100000000001
665,3,2,5,281.79,2026-05-28T22:14:01.000851,1408.95
666,29,3,1,13.91,2026-05-10T14:14:01.000851,13.91
667,3,1,7,325.12,2026-05-08T00:14:01.000851,2275.84
668,8,3,4,156.17,2026-03-24T09:14:01.000851,624.68
669,8,1,1,44.04,2026-05-18T01:14:01.000851,44.04
670,23,1,4,457.04,2026-03-17T12:14:01.000851,1828.16
671,19,3,6,201.12,2026-04-15T00:14:01.000851,1206.72
672,16,1,1,29.33,2026-04-07T10:14:01.000851,29.33
673,12,2,5,107.38,2026-04-26T10:14:01.000851,536.9
674,18,4,8,117.31,2026-03-05T16:14:01.000851,938.48
675,1,3,6,71.05,2026-03-18T14:14:01.000851,426.29999999999995
676,4,3,10,161.93,2026-05-11T13:14:01.000851,1619.3000000000002
677,17,2,2,132.76,2026-04-19T23:14:01.000851,265.52
678,11,4,4,487.44,2026-04-04T21:14:01.000851,1949.76
679,13,2,1,242.66,2026-05-10T16:14:01.000851,242.66
680,24,3,4,52.82,2026-03-09T19:14:01.000851,211.28
681,20,1,2,37.86,2026-05-11T04:14:01.000851,75.72
682,17,1,9,426.21,2026-03-03T18:14:01.000851,3835.89
683,6,1,6,180.85,2026-03-19T06:14:01.000851,1085.1
684,16,4,3,210.31,2026-04-19T22:14:01.000851,630.9300000000001
685,9,2,1,380.04,2026-05-10T05:14:01.000851,380.04
686,24,1,7,197.79,2026-04-23T04:14:01.000851,1384.53
687,1,2,8,224.21,2026-03-21T22:14:01.000851,1793.68
688,4,5,8,371.22,2026-04-22T15:14:01.000851,2969.76
689,26,3,3,247.01,2026-05-03T17:14:01.000851,741.03
690,9,5,10,313.05,2026-04-17T05:14:01.000851,3130.5
691,26,1,2,295.44,2026-03-07T19:14:01.000851,590.88
692,19,4,6,486.02,2026-04-03T10:14:01.000851,2916.12
693,5,3,1,214.16,2026-05-01T14:14:01.000851,214.16
694,19,3,10,357.6,2026-05-10T08:14:01.000851,3576.0
695,20,2,1,341.35,2026-03-08T19:14:01.000851,341.35
696,4,1,9,443.12,2026-03-09T10:14:01.000851,3988.08
697,24,5,6,371.19,2026-03-07T01:14:01.000851,2227.14
698,18,2,6,406.82,2026-03-03T13:14:01.000851,2440.92
699,6,5,7,488.49,2026-04-28T20:14:01.000851,3419.4300000000003
700,19,3,10,160.41,2026-04-15T18:14:01.000851,1604.1
701,27,4,3,227.9,2026-04-24T02:14:01.000851,683.7
702,27,3,7,408.19,2026-03-14T08:14:01.000851,2857.33
703,22,2,5,41.58,2026-05-24T20:14:01.000851,207.89999999999998
704,23,5,4,479.49,2026-03-19T16:14:01.000851,1917.96
705,13,2,9,328.54,2026-05-23T08:14:01.000851,2956.86
706,21,4,6,335.28,2026-03-26T10:14:01.000851,2011.6799999999998
707,4,4,6,23.43,2026-05-16T06:14:01.000851,140.57999999999998
708,27,3,7,170.76,2026-04-27T07:14:01.000851,1195.32
709,11,5,7,216.2,2026-05-03T05:14:01.000851,1513.3999999999999
710,16,1,10,57.85,2026-04-07T16:14:01.000851,578.5
711,18,3,8,461.23,2026-03-21T00:14:01.000851,3689.84
712,11,5,10,69.18,2026-03-20T08:14:01.000851,691.8000000000001
713,14,5,1,366.51,2026-03-04T15:14:01.000851,366.51
714,11,2,5,136.06,2026-03-20T14:14:01.000851,680.3
715,4,4,3,19.28,2026-03-31T16:14:01.000851,57.84
716,16,4,3,259.44,2026-04-07T22:14:01.000851,778.3199999999999
717,14,1,10,130.83,2026-04-05T23:14:01.000851,1308.3000000000002
718,13,4,7,257.16,2026-05-01T08:14:01.000851,1800.1200000000001
719,26,4,8,218.49,2026-03-25T21:14:01.000851,1747.92
720,8,3,9,265.56,2026-05-01T16:14:01.000851,2390.04
721,30,2,6,499.03,2026-05-09T19:14:01.000851,2994.18
722,11,1,8,226.63,2026-05-26T13:14:01.000851,1813.04
723,13,3,7,301.2,2026-03-04T18:14:01.000851,2108.4
724,23,3,3,403.17,2026-03-28T10:14:01.000851,1209.51
725,28,3,2,243.35,2026-05-06T09:14:01.000851,486.7
726,21,4,7,408.96,2026-03-17T20:14:01.000851,2862.72
727,28,1,2,36.27,2026-03-04T15:14:01.000851,72.54
728,12,4,7,457.51,2026-04-14T10:14:01.000851,3202.5699999999997
729,20,3,5,139.09,2026-05-14T02:14:01.000851,695.45
730,13,1,6,183.9,2026-05-11T00:14:01.000851,1103.4
731,2,1,3,239.29,2026-04-05T01:14:01.000851,717.87
732,6,5,5,186.01,2026-04-12T16:14:01.000851,930.05
733,29,4,5,196.32,2026-05-02T22:14:01.000851,981.5999999999999
734,21,4,4,325.17,2026-04-14T22:14:01.000851,1300.68
735,30,5,1,87.98,2026-05-24T02:14:01.000851,87.98
736,28,4,6,32.35,2026-03-30T18:14:01.000851,194.10000000000002
737,12,2,3,392.28,2026-05-24T02:14:01.000851,1176.84
738,21,2,10,226.47,2026-03-30T21:14:01.000851,2264.7
739,20,3,7,177.44,2026-05-19T18:14:01.000851,1242.08
740,27,5,7,329.53,2026-04-12T06:14:01.000851,2306.71
741,30,1,4,251.88,2026-03-16T09:14:01.000851,1007.52
742,21,3,7,68.97,2026-05-12T01:14:01.000851,482.78999999999996
743,7,2,10,221.71,2026-04-28T08:14:01.000851,2217.1
744,4,2,7,46.76,2026-03-21T23:14:01.000851,327.32
745,24,4,1,285.26,2026-05-04T02:14:01.000851,285.26
746,15,1,2,53.03,2026-03-05T09:14:01.000851,106.06
747,21,1,7,215.91,2026-03-13T10:14:01.000851,1511.37
748,23,2,1,400.89,2026-03-07T00:14:01.000851,400.89
749,8,3,7,93.72,2026-03-21T06:14:01.000851,656.04
750,8,4,9,118.44,2026-03-10T12:14:01.000851,1065.96
751,7,2,3,16.97,2026-03-23T20:14:01.000851,50.91
752,22,5,10,328.38,2026-03-30T09:14:01.000851,3283.8
753,22,4,4,43.92,2026-03-25T20:14:01.000851,175.68
754,18,1,7,468.64,2026-03-22T05:14:01.000851,3280.48
755,8,3,8,121.13,2026-05-24T17:14:01.000851,969.04
756,19,3,8,321.17,2026-03-03T21:14:01.000851,2569.36
757,13,1,4,195.49,2026-03-30T05:14:01.000851,781.96
758,4,4,3,116.67,2026-04-24T13:14:01.000851,350.01
759,26,5,9,492.8,2026-05-21T21:14:01.000851,4435.2
760,24,1,6,21.61,2026-03-06T06:14:01.000851,129.66
761,8,5,6,399.21,2026-03-26T15:14:01.000851,2395.2599999999998
762,22,1,5,432.69,2026-03-30T14:14:01.000851,2163.45
763,18,3,4,132.2,2026-05-21T06:14:01.000851,528.8
764,20,3,9,446.34,2026-05-10T11:14:01.000851,4017.06
765,15,5,4,324.06,2026-04-23T03:14:01.000851,1296.24
766,15,4,4,407.11,2026-05-25T03:14:01.000851,1628.44
767,26,5,8,20.47,2026-05-25T00:14:01.000851,163.76
768,2,1,9,59.34,2026-04-18T04:14:01.000851,534.0600000000001
769,17,4,10,370.91,2026-03-09T12:14:01.000851,3709.1000000000004
770,9,4,10,454.73,2026-05-15T07:14:01.000851,4547.3
771,13,1,10,452.2,2026-03-30T21:14:01.000851,4522.0
772,26,1,3,442.35,2026-03-15T04:14:01.000851,1327.0500000000002
773,20,1,10,322.98,2026-05-06T20:14:01.000851,3229.8
774,4,4,2,382.74,2026-03-30T04:14:01.000851,765.48
775,10,5,10,43.64,2026-04-18T16:14:01.000851,436.4
776,2,1,5,44.36,2026-05-17T03:14:01.000851,221.8
777,2,3,7,254.19,2026-03-26T19:14:01.000851,1779.33
778,26,1,8,131.42,2026-04-06T03:14:01.000851,1051.36
779,27,1,3,306.01,2026-03-27T22:14:01.000851,918.03
780,7,5,5,335.0,2026-04-18T20:14:01.000851,1675.0
781,27,5,6,54.16,2026-04-20T23:14:01.000851,324.96
782,24,5,1,486.49,2026-03-29T13:14:01.000851,486.49
783,9,2,9,40.58,2026-03-09T06:14:01.000851,365.21999999999997
784,22,1,9,466.53,2026-04-06T19:14:01.000851,4198.7699999999995
785,25,5,6,320.27,2026-03-04T05:14:01.000851,1921.62
786,1,3,10,402.12,2026-03-26T17:14:01.000851,4021.2
787,12,4,9,158.79,2026-03-23T23:14:01.000851,1429.11
788,27,3,2,462.66,2026-04-09T13:14:01.000851,925.32
789,5,5,7,427.4,2026-05-02T14:14:01.000851,2991.7999999999997
790,10,1,5,442.3,2026-04-13T05:14:01.000851,2211.5
791,27,3,10,267.88,2026-03-11T07:14:01.000851,2678.8
792,19,5,6,122.36,2026-05-19T07:14:01.000851,734.16
793,8,2,1,427.74,2026-04-09T08:14:01.000851,427.74
794,15,2,6,266.7,2026-04-01T16:14:01.000851,1600.1999999999998
795,4,5,8,48.35,2026-05-01T16:14:01.000851,386.8
796,23,5,3,198.96,2026-04-19T06:14:01.000851,596.88
797,24,4,4,286.0,2026-05-23T08:14:01.000851,1144.0
798,2,5,5,499.85,2026-04-28T00:14:01.000851,2499.25
799,26,5,6,371.94,2026-05-13T17:14:01.000851,2231.64
800,25,3,5,466.67,2026-04-03T05:14:01.000851,2333.35
801,26,1,2,224.26,2026-03-21T16:14:01.000851,448.52
802,12,3,9,450.64,2026-04-05T15:14:01.000851,4055.7599999999998
803,16,5,1,138.32,2026-05-19T12:14:01.000851,138.32
804,14,5,5,407.29,2026-03-21T09:14:01.000851,2036.45
805,6,3,1,182.1,2026-04-27T21:14:01.000851,182.1
806,13,3,9,25.91,2026-04-15T17:14:01.000851,233.19
807,16,1,5,326.09,2026-03-22T15:14:01.000851,1630.4499999999998
808,28,3,7,329.76,2026-04-08T08:14:01.000851,2308.3199999999997
809,5,5,9,66.22,2026-05-13T21:14:01.000851,595.98
810,11,2,1,413.56,2026-05-04T14:14:01.000851,413.56
811,30,5,8,135.93,2026-03-15T05:14:01.000851,1087.44
812,27,5,6,116.96,2026-03-11T12:14:01.000851,701.76
813,25,2,5,258.78,2026-05-06T11:14:01.000851,1293.8999999999999
814,11,3,1,62.39,2026-04-21T21:14:01.000851,62.39
815,16,4,2,216.63,2026-05-16T04:14:01.000851,433.26
816,18,3,6,44.3,2026-04-26T04:14:01.000851,265.79999999999995
817,15,2,7,152.75,2026-05-22T20:14:01.000851,1069.25
818,11,1,9,47.63,2026-04-01T15:14:01.000851,428.67
819,1,4,2,180.88,2026-05-30T20:14:01.000851,361.76
820,4,4,2,236.1,2026-04-01T18:14:01.000851,472.2
821,13,2,4,29.48,2026-04-05T13:14:01.000851,117.92
822,22,3,2,116.73,2026-04-11T18:14:01.000851,233.46
823,22,5,9,169.16,2026-03-21T01:14:01.000851,1522.44
824,9,1,3,30.92,2026-05-16T16:14:01.000851,92.76
825,26,4,7,277.38,2026-04-11T16:14:01.000851,1941.6599999999999
826,5,1,6,384.19,2026-03-30T14:14:01.000851,2305.14
827,17,1,2,270.0,2026-03-03T11:14:01.000851,540.0
828,27,4,2,463.06,2026-03-11T08:14:01.000851,926.12
829,26,1,7,90.12,2026-05-01T14:14:01.000851,630.84
830,20,5,8,196.5,2026-03-12T06:14:01.000851,1572.0
831,11,5,1,375.73,2026-05-20T17:14:01.000851,375.73
832,10,1,9,384.21,2026-03-17T22:14:01.000851,3457.89
833,20,4,2,411.35,2026-03-27T06:14:01.000851,822.7
834,18,1,1,436.77,2026-03-13T09:14:01.000851,436.77
835,7,1,6,216.37,2026-05-11T07:14:01.000851,1298.22
836,21,1,3,11.37,2026-04-26T12:14:01.000851,34.11
837,30,1,8,431.09,2026-03-03T16:14:01.000851,3448.72
838,19,2,1,148.04,2026-05-10T03:14:01.000851,148.04
839,19,1,9,174.3,2026-05-31T20:14:01.000851,1568.7
840,30,1,8,266.52,2026-03-19T20:14:01.000851,2132.16
841,29,1,7,470.83,2026-04-03T01:14:01.000851,3295.81
842,9,1,5,438.15,2026-03-18T02:14:01.000851,2190.75
843,24,4,9,278.39,2026-04-05T14:14:01.000851,2505.5099999999998
844,3,5,3,454.05,2026-05-08T22:14:01.000851,1362.15
845,13,1,5,402.35,2026-04-05T21:14:01.000851,2011.75
846,19,3,2,356.97,2026-04-22T11:14:01.000851,713.94
847,22,1,9,133.85,2026-03-09T14:14:01.000851,1204.6499999999999
848,15,2,2,265.91,2026-05-05T23:14:01.000851,531.82
849,14,3,9,304.23,2026-03-15T10:14:01.000851,2738.07
850,11,1,9,422.12,2026-04-12T03:14:01.000851,3799.08
851,13,1,8,383.25,2026-05-19T13:14:01.000851,3066.0
852,8,2,7,306.18,2026-03-21T19:14:01.000851,2143.26
853,21,2,5,301.66,2026-03-26T11:14:01.000851,1508.3000000000002
854,15,3,4,208.89,2026-04-15T17:14:01.000851,835.56
855,27,5,4,336.26,2026-03-07T15:14:01.000851,1345.04
856,9,1,1,472.03,2026-04-17T18:14:01.000851,472.03
857,24,1,9,258.87,2026-04-19T05:14:01.000851,2329.83
858,14,1,7,355.56,2026-04-01T14:14:01.000851,2488.92
859,30,5,2,257.6,2026-04-04T22:14:01.000851,515.2
860,4,2,4,46.72,2026-05-14T01:14:01.000851,186.88
861,10,3,3,119.74,2026-04-13T11:14:01.000851,359.21999999999997
862,8,5,6,368.28,2026-04-26T05:14:01.000851,2209.68
863,28,1,3,455.88,2026-03-31T23:14:01.000851,1367.6399999999999
864,30,5,6,277.83,2026-04-10T02:14:01.000851,1666.98
865,13,4,2,85.42,2026-05-16T23:14:01.000851,170.84
866,26,2,7,75.86,2026-04-30T20:14:01.000851,531.02
867,30,2,4,39.35,2026-05-27T02:14:01.000851,157.4
868,11,5,5,482.48,2026-04-16T03:14:01.000851,2412.4
869,8,1,7,355.97,2026-03-06T14:14:01.000851,2491.79
870,26,4,6,293.3,2026-05-28T09:14:01.000851,1759.8000000000002
871,17,3,6,320.19,2026-04-15T01:14:01.000851,1921.1399999999999
872,9,1,3,140.99,2026-04-27T22:14:01.000851,422.97
873,5,4,9,312.07,2026-03-08T15:14:01.000851,2808.63
874,26,2,5,255.62,2026-04-27T20:14:01.000851,1278.1
875,25,5,10,102.59,2026-03-09T09:14:01.000851,1025.9
876,14,2,6,17.99,2026-04-25T13:14:01.000851,107.94
877,18,1,2,71.27,2026-05-29T09:14:01.000851,142.54
878,6,1,1,483.77,2026-04-15T00:14:01.000851,483.77
879,2,2,8,336.27,2026-04-05T21:14:01.000851,2690.16
880,13,5,6,403.62,2026-05-09T10:14:01.000851,2421.7200000000003
881,10,2,4,198.06,2026-03-30T05:14:01.000851,792.24
882,6,2,3,452.09,2026-03-18T07:14:01.000851,1356.27
883,26,5,4,398.49,2026-04-06T02:14:01.000851,1593.96
884,26,2,5,279.04,2026-05-28T03:14:01.000851,1395.2
885,1,5,9,20.54,2026-03-11T09:14:01.000851,184.85999999999999
886,20,2,2,469.94,2026-03-21T18:14:01.000851,939.88
887,26,3,2,200.67,2026-04-23T00:14:01.000851,401.34
888,25,4,5,483.25,2026-04-25T05:14:01.000851,2416.25
889,11,5,3,280.06,2026-06-01T07:14:01.000851,840.1800000000001
890,10,2,10,205.78,2026-05-21T05:14:01.000851,2057.8
891,30,5,7,29.4,2026-04-19T23:14:01.000851,205.79999999999998
892,7,1,10,455.58,2026-03-27T14:14:01.000851,4555.8
893,4,5,9,61.63,2026-04-30T19:14:01.000851,554.6700000000001
894,5,1,8,244.76,2026-05-21T13:14:01.000851,1958.08
895,19,1,9,100.45,2026-06-01T08:14:01.000851,904.0500000000001
896,12,5,4,339.23,2026-03-22T03:14:01.000851,1356.92
897,9,4,2,431.38,2026-03-26T23:14:01.000851,862.76
898,19,1,8,364.31,2026-05-28T19:14:01.000851,2914.48
899,4,4,8,160.99,2026-04-11T09:14:01.000851,1287.92
900,15,5,5,311.21,2026-04-13T15:14:01.000851,1556.05
901,14,1,10,495.04,2026-04-30T05:14:01.000851,4950.400000000001
902,5,4,10,187.23,2026-03-18T09:14:01.000851,1872.3
903,15,1,2,301.1,2026-03-20T23:14:01.000851,602.2
904,4,1,8,281.47,2026-04-26T01:14:01.000851,2251.76
905,27,4,1,345.31,2026-04-20T13:14:01.000851,345.31
906,26,5,8,379.65,2026-05-05T06:14:01.000851,3037.2
907,29,1,9,133.65,2026-03-16T19:14:01.000851,1202.8500000000001
908,13,5,9,370.06,2026-03-08T14:14:01.000851,3330.54
909,8,5,1,96.29,2026-05-25T08:14:01.000851,96.29
910,15,1,8,183.89,2026-03-30T12:14:01.000851,1471.12
911,27,2,5,463.52,2026-05-03T03:14:01.000851,2317.6
912,27,5,8,60.02,2026-05-02T03:14:01.000851,480.16
913,29,1,2,309.91,2026-05-28T18:14:01.000851,619.82
914,4,4,5,447.93,2026-03-20T03:14:01.000851,2239.65
915,11,1,10,273.04,2026-05-29T13:14:01.000851,2730.4
916,27,3,6,428.51,2026-03-29T13:14:01.000851,2571.06
917,23,5,10,321.22,2026-03-07T09:14:01.000851,3212.2000000000003
918,26,5,7,459.71,2026-03-15T07:14:01.000851,3217.97
919,10,2,8,383.05,2026-04-18T13:14:01.000851,3064.4
920,21,5,6,429.85,2026-03-11T11:14:01.000851,2579.1000000000004
921,17,1,7,39.64,2026-05-17T11:14:01.000851,277.48
922,17,3,3,323.49,2026-04-22T23:14:01.000851,970.47
923,8,1,10,423.78,2026-05-06T14:14:01.000851,4237.799999999999
924,15,4,5,271.12,2026-05-01T11:14:01.000851,1355.6
925,13,3,1,408.11,2026-05-27T01:14:01.000851,408.11
926,20,4,8,113.15,2026-03-30T07:14:01.000851,905.2
927,6,1,3,247.55,2026-03-08T20:14:01.000851,742.6500000000001
928,8,2,10,95.35,2026-05-09T00:14:01.000851,953.5
929,29,1,1,391.65,2026-04-03T14:14:01.000851,391.65
930,27,3,10,394.79,2026-03-04T12:14:01.000851,3947.9
931,17,5,3,446.83,2026-03-17T06:14:01.000851,1340.49
932,23,5,2,48.06,2026-05-03T15:14:01.000851,96.12
933,7,1,3,73.9,2026-05-02T00:14:01.000851,221.70000000000002
934,4,3,5,69.38,2026-04-09T06:14:01.000851,346.9
935,14,5,8,56.07,2026-05-07T17:14:01.000851,448.56
936,20,4,8,319.25,2026-05-24T10:14:01.000851,2554.0
937,21,1,4,448.14,2026-03-08T05:14:01.000851,1792.56
938,9,1,9,464.93,2026-03-17T20:14:01.000851,4184.37
939,16,5,9,244.61,2026-05-20T11:14:01.000851,2201.4900000000002
940,14,4,5,306.67,2026-03-25T11:14:01.000851,1533.3500000000001
941,14,2,3,200.83,2026-04-14T11:14:01.000851,602.49
942,19,5,9,67.85,2026-04-05T08:14:01.000851,610.65
943,12,4,4,75.28,2026-03-09T02:14:01.000851,301.12
944,24,2,9,23.48,2026-03-13T18:14:01.000851,211.32
945,12,4,1,82.71,2026-04-14T15:14:01.000851,82.71
946,26,4,9,233.69,2026-05-20T00:14:01.000851,2103.21
947,4,5,7,191.57,2026-04-02T23:14:01.000851,1340.99
948,23,5,10,452.96,2026-04-07T02:14:01.000851,4529.599999999999
949,19,2,6,379.99,2026-04-13T17:14:01.000851,2279.94
950,28,5,2,398.6,2026-03-20T00:14:01.000851,797.2
951,14,4,5,471.31,2026-05-08T12:14:01.000851,2356.55
952,22,3,7,247.5,2026-05-08T18:14:01.000851,1732.5
953,25,3,2,227.2,2026-04-02T08:14:01.000851,454.4
954,20,3,7,157.05,2026-05-20T03:14:01.000851,1099.3500000000001
955,25,3,4,333.44,2026-05-03T02:14:01.000851,1333.76
956,5,4,5,279.28,2026-05-27T13:14:01.000851,1396.3999999999999
957,14,3,4,450.14,2026-03-19T01:14:01.000851,1800.56
958,25,4,8,232.04,2026-05-30T14:14:01.000851,1856.32
959,3,5,3,429.15,2026-03-12T20:14:01.000851,1287.4499999999998
960,25,3,6,430.98,2026-06-01T10:14:01.000851,2585.88
961,23,5,7,489.46,2026-03-28T18:14:01.000851,3426.22
962,27,1,6,355.9,2026-03-20T17:14:01.000851,2135.3999999999996
963,7,4,2,103.22,2026-05-11T05:14:01.000851,206.44
964,27,5,1,219.83,2026-04-08T09:14:01.000851,219.83
965,1,1,1,171.82,2026-04-08T19:14:01.000851,171.82
966,3,2,9,406.11,2026-03-03T22:14:01.000851,3654.9900000000002
967,23,1,5,85.36,2026-05-12T13:14:01.000851,426.8
968,13,1,4,341.91,2026-03-28T03:14:01.000851,1367.64
969,15,5,1,412.58,2026-05-29T16:14:01.000851,412.58
970,2,1,3,57.46,2026-03-04T11:14:01.000851,172.38
971,9,1,4,269.62,2026-05-26T19:14:01.000851,1078.48
972,22,3,8,247.18,2026-04-26T04:14:01.000851,1977.44
973,8,2,3,352.4,2026-05-15T15:14:01.000851,1057.1999999999998
974,21,5,10,156.87,2026-04-30T22:14:01.000851,1568.7
975,24,2,2,489.05,2026-05-09T02:14:01.000851,978.1
976,10,4,8,14.93,2026-05-04T15:14:01.000851,119.44
977,7,4,10,392.0,2026-03-25T15:14:01.000851,3920.0
978,29,5,4,14.67,2026-04-19T05:14:01.000851,58.68
979,26,3,9,368.63,2026-04-26T18:14:01.000851,3317.67
980,25,3,4,301.28,2026-03-10T10:14:01.000851,1205.12
981,28,4,8,130.0,2026-05-09T10:14:01.000851,1040.0
982,10,1,9,432.86,2026-05-09T17:14:01.000851,3895.7400000000002
983,24,3,3,10.64,2026-03-09T09:14:01.000851,31.92
984,20,3,10,321.55,2026-05-21T12:14:01.000851,3215.5
985,20,5,10,236.4,2026-04-23T00:14:01.000851,2364.0
986,12,1,9,439.86,2026-04-23T23:14:01.000851,3958.7400000000002
987,15,3,8,138.77,2026-04-17T04:14:01.000851,1110.16
988,22,3,5,420.11,2026-03-11T07:14:01.000851,2100.55
989,16,3,8,429.78,2026-04-20T18:14:01.000851,3438.24
990,21,3,3,165.03,2026-05-29T20:14:01.000851,495.09000000000003
991,2,2,3,173.23,2026-03-30T13:14:01.000851,519.6899999999999
992,26,1,7,166.57,2026-03-18T10:14:01.000851,1165.99
993,14,3,4,129.9,2026-05-01T15:14:01.000851,519.6
994,7,2,1,137.11,2026-03-09T04:14:01.000851,137.11
995,4,5,5,396.36,2026-05-31T15:14:01.000851,1981.8000000000002
996,2,2,9,164.28,2026-04-13T11:14:01.000851,1478.52
997,12,3,7,428.04,2026-04-07T19:14:01.000851,2996.28
998,1,3,7,398.79,2026-05-07T13:14:01.000851,2791.53
999,11,5,1,378.7,2026-04-25T02:14:01.000851,378.7
1000,25,5,4,69.22,2026-03-26T00:14:01.000851,276.88
1001,3,3,9,45.13,2026-03-13T18:14:01.000851,406.17
1002,27,2,4,371.8,2026-04-07T17:14:01.000851,1487.2
1003,20,1,9,40.91,2026-03-25T13:14:01.000851,368.18999999999994
1004,5,5,3,239.82,2026-04-28T09:14:01.000851,719.46
1005,14,4,7,251.69,2026-05-01T19:14:01.000851,1761.83
1006,4,4,6,240.55,2026-05-09T19:14:01.000851,1443.3000000000002
1007,9,3,2,256.16,2026-05-07T18:14:01.000851,512.32
1008,27,2,7,333.52,2026-04-15T08:14:01.000851,2334.64
1009,14,2,3,102.96,2026-03-26T14:14:01.000851,308.88
1010,1,1,8,239.04,2026-05-20T22:14:01.000851,1912.32
1011,18,3,3,317.96,2026-04-29T08:14:01.000851,953.8799999999999
1012,8,1,1,96.29,2026-04-07T19:14:01.000851,96.29
1013,20,3,8,459.67,2026-04-19T14:14:01.000851,3677.36
1014,6,1,4,145.94,2026-05-24T12:14:01.000851,583.76
1015,10,5,9,25.43,2026-03-24T17:14:01.000851,228.87
1016,27,1,6,316.57,2026-04-11T08:14:01.000851,1899.42
1017,11,1,8,289.88,2026-03-19T16:14:01.000851,2319.04
1018,20,2,10,261.91,2026-03-27T10:14:01.000851,2619.1000000000004
1019,18,2,6,479.9,2026-03-11T19:14:01.000851,2879.3999999999996
1020,17,5,6,169.22,2026-04-24T03:14:01.000851,1015.3199999999999
1021,9,5,4,10.02,2026-03-13T18:14:01.000851,40.08
1022,5,2,5,495.48,2026-04-09T14:14:01.000851,2477.4
1023,5,3,1,55.26,2026-05-03T14:14:01.000851,55.26
1024,30,5,1,247.53,2026-05-27T23:14:01.000851,247.53
1025,15,2,2,55.31,2026-05-04T10:14:01.000851,110.62
1026,10,5,4,180.1,2026-03-29T18:14:01.000851,720.4
1027,7,3,4,219.04,2026-05-13T23:14:01.000851,876.16
1028,5,5,10,10.35,2026-03-25T00:14:01.000851,103.5
1029,9,4,7,386.41,2026-03-10T12:14:01.000851,2704.8700000000003
1030,18,3,6,221.19,2026-05-17T11:14:01.000851,1327.1399999999999
1031,26,5,4,92.59,2026-05-21T10:14:01.000851,370.36
1032,2,4,9,401.68,2026-05-05T11:14:01.000851,3615.12
1033,1,3,1,484.12,2026-03-29T20:14:01.000851,484.12
1034,4,3,9,232.67,2026-05-31T21:14:01.000851,2094.0299999999997
1035,28,1,7,175.42,2026-04-01T19:14:01.000851,1227.9399999999998
1036,26,2,10,448.18,2026-04-16T17:14:01.000851,4481.8
1037,26,4,7,130.96,2026-04-07T00:14:01.000851,916.72
1038,3,5,3,33.95,2026-03-18T09:14:01.000851,101.85000000000001
1039,19,1,1,40.99,2026-04-02T02:14:01.000851,40.99
1040,18,3,1,164.37,2026-05-01T11:14:01.000851,164.37
1041,28,4,3,136.67,2026-03-25T09:14:01.000851,410.01
1042,6,3,3,240.02,2026-05-06T09:14:01.000851,720.0600000000001
1043,27,5,3,136.48,2026-05-13T23:14:01.000851,409.43999999999994
1044,12,4,1,408.07,2026-05-28T12:14:01.000851,408.07
1045,12,5,2,364.17,2026-03-14T09:14:01.000851,728.34
1046,1,3,9,397.56,2026-03-15T12:14:01.000851,3578.04
1047,22,1,7,199.19,2026-05-31T22:14:01.000851,1394.33
1048,25,2,9,485.94,2026-03-17T06:14:01.000851,4373.46
1049,15,4,5,488.35,2026-04-01T15:14:01.000851,2441.75
1050,8,3,7,140.3,2026-03-13T02:14:01.000851,982.1000000000001
1051,13,4,4,457.47,2026-04-10T01:14:01.000851,1829.88
1052,16,2,9,363.52,2026-04-07T00:14:01.000851,3271.68
1053,18,1,3,68.57,2026-05-30T12:14:01.000851,205.70999999999998
1054,9,1,7,190.26,2026-03-04T07:14:01.000851,1331.82
1055,8,1,9,278.33,2026-04-02T16:14:01.000851,2504.97
1056,13,5,2,157.84,2026-05-16T09:14:01.000851,315.68
1057,25,2,3,239.19,2026-04-28T15:14:01.000851,717.5699999999999
1058,10,1,3,153.23,2026-04-15T10:14:01.000851,459.68999999999994
1059,28,1,8,390.08,2026-04-10T11:14:01.000851,3120.64
1060,10,3,9,26.57,2026-03-16T05:14:01.000851,239.13
1061,14,3,5,424.62,2026-04-22T17:14:01.000851,2123.1
1062,11,1,2,125.23,2026-05-07T15:14:01.000851,250.46
1063,14,3,5,435.76,2026-05-12T17:14:01.000851,2178.8
1064,27,4,10,213.64,2026-04-25T21:14:01.000851,2136.3999999999996
1065,12,3,1,252.84,2026-04-26T09:14:01.000851,252.84
1066,19,2,6,423.94,2026-03-22T14:14:01.000851,2543.64
1067,5,4,8,228.93,2026-03-30T03:14:01.000851,1831.44
1068,28,4,3,27.98,2026-03-24T11:14:01.000851,83.94
1069,26,5,9,301.31,2026-04-10T05:14:01.000851,2711.79
1070,12,4,3,375.0,2026-04-26T08:14:01.000851,1125.0
1071,16,5,1,493.7,2026-04-22T01:14:01.000851,493.7
1072,26,1,10,128.73,2026-05-27T19:14:01.000851,1287.3
1073,12,5,5,61.74,2026-03-02T20:14:01.000851,308.7
1074,30,1,3,22.77,2026-04-16T22:14:01.000851,68.31
1075,30,1,3,156.66,2026-04-30T05:14:01.000851,469.98
1076,2,3,10,300.42,2026-05-01T07:14:01.000851,3004.2000000000003
1077,19,1,8,408.89,2026-03-07T16:14:01.000851,3271.12
1078,10,5,2,302.93,2026-05-29T13:14:01.000851,605.86
1079,5,3,5,401.48,2026-05-22T09:14:01.000851,2007.4
1080,15,1,2,390.43,2026-05-19T16:14:01.000851,780.86
1081,8,1,4,173.47,2026-04-03T04:14:01.000851,693.88
1082,6,2,1,48.92,2026-05-20T02:14:01.000851,48.92
1083,25,5,7,61.87,2026-05-13T16:14:01.000851,433.09
1084,16,3,3,338.71,2026-05-27T09:14:01.000851,1016.1299999999999
1085,30,3,9,15.78,2026-05-25T18:14:01.000851,142.01999999999998
1086,19,2,8,227.6,2026-03-02T21:14:01.000851,1820.8
1087,7,4,2,446.03,2026-04-01T06:14:01.000851,892.06
1088,19,2,6,490.51,2026-05-07T16:14:01.000851,2943.06
1089,21,4,2,98.57,2026-05-25T22:14:01.000851,197.14
1090,26,2,4,306.68,2026-05-31T19:14:01.000851,1226.72
1091,15,2,8,55.22,2026-03-04T01:14:01.000851,441.76
1092,22,4,1,346.79,2026-03-18T03:14:01.000851,346.79
1093,18,2,5,134.8,2026-03-28T14:14:01.000851,674.0
1094,6,3,10,47.5,2026-05-03T01:14:01.000851,475.0
1095,12,1,9,20.52,2026-04-04T00:14:01.000851,184.68
1096,18,2,4,439.9,2026-04-04T05:14:01.000851,1759.6
1097,7,3,4,168.32,2026-05-21T17:14:01.000851,673.28
1098,13,4,9,159.85,2026-05-21T17:14:01.000851,1438.6499999999999
1099,9,4,10,440.86,2026-05-28T15:14:01.000851,4408.6
1100,14,5,1,185.85,2026-04-19T21:14:01.000851,185.85
1101,3,1,1,262.26,2026-03-09T21:14:01.000851,262.26
1102,8,5,2,128.97,2026-03-17T07:14:01.000851,257.94
1103,1,5,6,353.29,2026-05-23T23:14:01.000851,2119.7400000000002
1104,28,1,2,377.06,2026-04-12T09:14:01.000851,754.12
1105,19,5,2,157.35,2026-04-24T02:14:01.000851,314.7
1106,3,2,1,127.88,2026-05-21T08:14:01.000851,127.88
1107,13,4,8,393.58,2026-03-26T07:14:01.000851,3148.64
1108,16,3,2,65.14,2026-03-12T20:14:01.000851,130.28
1109,30,3,5,384.36,2026-04-23T02:14:01.000851,1921.8000000000002
1110,28,2,2,133.99,2026-05-15T12:14:01.000851,267.98
1111,28,4,4,492.24,2026-05-01T14:14:01.000851,1968.96
1112,12,3,4,292.33,2026-05-14T12:14:01.000851,1169.32
1113,27,2,6,251.01,2026-05-23T07:14:01.000851,1506.06
1114,21,4,3,396.96,2026-04-14T01:14:01.000851,1190.8799999999999
1115,15,2,4,418.42,2026-03-22T12:14:01.000851,1673.68
1116,9,2,6,415.11,2026-03-15T11:14:01.000851,2490.66
1117,21,3,1,338.12,2026-05-06T06:14:01.000851,338.12
1118,1,2,5,70.14,2026-04-20T08:14:01.000851,350.7
1119,13,1,3,27.11,2026-05-05T00:14:01.000851,81.33
1120,17,2,3,253.85,2026-04-09T05:14:01.000851,761.55
1121,7,4,10,166.01,2026-04-21T20:14:01.000851,1660.1
1122,23,4,9,299.93,2026-05-31T05:14:01.000851,2699.37
1123,12,1,9,84.55,2026-03-19T05:14:01.000851,760.9499999999999
1124,25,4,10,430.81,2026-03-12T18:14:01.000851,4308.1
1125,21,4,4,157.24,2026-03-26T05:14:01.000851,628.96
1126,25,5,3,480.06,2026-04-28T03:14:01.000851,1440.18
1127,13,4,8,392.58,2026-05-31T05:14:01.000851,3140.64
1128,6,2,10,176.92,2026-05-05T15:14:01.000851,1769.1999999999998
1129,8,4,1,427.15,2026-04-28T03:14:01.000851,427.15
1130,2,3,2,175.65,2026-05-14T17:14:01.000851,351.3
1131,18,3,9,259.01,2026-04-11T00:14:01.000851,2331.09
1132,17,1,9,332.85,2026-04-22T21:14:01.000851,2995.65
1133,18,3,10,124.07,2026-03-25T10:14:01.000851,1240.6999999999998
1134,18,3,1,84.92,2026-05-22T21:14:01.000851,84.92
1135,4,2,2,294.16,2026-05-17T00:14:01.000851,588.32
1136,25,3,5,229.16,2026-04-12T04:14:01.000851,1145.8
1137,11,1,4,356.43,2026-04-14T14:14:01.000851,1425.72
1138,28,4,4,38.83,2026-03-04T15:14:01.000851,155.32
1139,1,1,2,234.66,2026-04-17T02:14:01.000851,469.32
1140,6,2,3,312.76,2026-03-15T08:14:01.000851,938.28
1141,1,1,4,161.88,2026-04-13T00:14:01.000851,647.52
1142,14,5,7,405.42,2026-04-12T17:14:01.000851,2837.94
1143,13,4,10,159.94,2026-03-15T00:14:01.000851,1599.4
1144,28,5,7,66.68,2026-05-29T22:14:01.000851,466.76000000000005
1145,20,4,3,104.78,2026-04-18T12:14:01.000851,314.34000000000003
1146,13,2,2,22.73,2026-04-25T13:14:01.000851,45.46
1147,5,5,8,141.65,2026-04-27T02:14:01.000851,1133.2
1148,30,4,8,467.23,2026-04-02T19:14:01.000851,3737.84
1149,25,5,9,40.32,2026-04-29T22:14:01.000851,362.88
1150,4,4,7,378.19,2026-04-23T20:14:01.000851,2647.33
1151,25,5,10,108.19,2026-04-19T02:14:01.000851,1081.9
1152,2,2,6,384.58,2026-03-09T01:14:01.000851,2307.48
1153,5,2,4,100.61,2026-03-28T04:14:01.000851,402.44
1154,30,1,10,152.84,2026-03-11T02:14:01.000851,1528.4
1155,4,2,6,46.36,2026-04-08T23:14:01.000851,278.15999999999997
1156,29,1,4,134.98,2026-05-15T11:14:01.000851,539.92
1157,28,5,5,271.16,2026-05-13T05:14:01.000851,1355.8000000000002
1158,15,1,8,200.59,2026-04-12T23:14:01.000851,1604.72
1159,16,5,1,153.32,2026-03-29T15:14:01.000851,153.32
1160,6,3,9,324.33,2026-03-15T21:14:01.000851,2918.97
1161,11,3,3,332.27,2026-03-24T19:14:01.000851,996.81
1162,10,2,9,108.2,2026-05-13T10:14:01.000851,973.8000000000001
1163,14,1,1,54.61,2026-03-12T05:14:01.000851,54.61
1164,6,4,2,43.74,2026-03-30T19:14:01.000851,87.48
1165,8,4,8,381.83,2026-05-27T12:14:01.000851,3054.64
1166,28,2,4,168.39,2026-04-23T17:14:01.000851,673.56
1167,21,3,6,138.15,2026-04-15T22:14:01.000851,828.9000000000001
1168,12,1,10,194.38,2026-06-01T04:14:01.000851,1943.8
1169,16,2,9,252.29,2026-05-21T08:14:01.000851,2270.61
1170,20,4,4,267.55,2026-05-16T20:14:01.000851,1070.2
1171,12,3,7,472.18,2026-03-25T09:14:01.000851,3305.26
1172,8,5,1,384.25,2026-04-01T17:14:01.000851,384.25
1173,30,3,4,336.9,2026-03-30T23:14:01.000851,1347.6
1174,18,4,9,420.56,2026-04-10T15:14:01.000851,3785.04
1175,5,4,7,413.6,2026-05-27T04:14:01.000851,2895.2000000000003
1176,10,2,4,53.26,2026-03-03T00:14:01.000851,213.04
1177,18,5,10,158.48,2026-05-08T07:14:01.000851,1584.8
1178,5,5,1,298.44,2026-04-21T09:14:01.000851,298.44
1179,26,3,7,300.87,2026-04-14T04:14:01.000851,2106.09
1180,24,2,3,173.65,2026-05-18T12:14:01.000851,520.95
1181,6,5,8,152.99,2026-03-04T01:14:01.000851,1223.92
1182,15,5,1,172.88,2026-04-30T15:14:01.000851,172.88
1183,26,1,10,192.75,2026-05-02T07:14:01.000851,1927.5
1184,6,2,4,357.9,2026-04-19T12:14:01.000851,1431.6
1185,3,2,2,331.21,2026-05-29T22:14:01.000851,662.42
1186,17,5,9,489.32,2026-05-16T09:14:01.000851,4403.88
1187,17,4,8,183.17,2026-05-06T19:14:01.000851,1465.36
1188,24,1,10,109.03,2026-04-16T17:14:01.000851,1090.3
1189,10,2,4,179.51,2026-05-30T18:14:01.000851,718.04
1190,7,3,8,241.23,2026-05-12T19:14:01.000851,1929.84
1191,21,1,10,366.1,2026-03-08T23:14:01.000851,3661.0
1192,22,4,7,128.04,2026-05-28T16:14:01.000851,896.28
1193,28,5,9,207.63,2026-03-31T03:14:01.000851,1868.67
1194,25,3,5,301.95,2026-04-04T23:14:01.000851,1509.75
1195,24,2,6,270.25,2026-05-28T21:14:01.000851,1621.5
1196,13,5,2,185.9,2026-04-23T14:14:01.000851,371.8
1197,3,2,7,212.02,2026-03-18T15:14:01.000851,1484.14
1198,27,4,9,189.22,2026-04-17T04:14:01.000851,1702.98
1199,23,2,9,97.5,2026-03-23T21:14:01.000851,877.5
1200,4,4,7,118.74,2026-04-16T06:14:01.000851,831.18
1201,26,5,4,414.61,2026-04-08T21:14:01.000851,1658.44
1202,8,5,6,442.06,2026-03-17T17:14:01.000851,2652.36
1203,14,1,2,469.77,2026-05-02T00:14:01.000851,939.54
1204,12,3,3,217.4,2026-04-17T19:14:01.000851,652.2
1205,18,3,6,243.04,2026-03-09T21:14:01.000851,1458.24
1206,19,5,3,197.95,2026-05-24T23:14:01.000851,593.8499999999999
1207,17,2,2,282.22,2026-03-16T12:14:01.000851,564.44
1208,14,5,8,199.49,2026-04-18T12:14:01.000851,1595.92
1209,17,4,10,249.73,2026-04-15T22:14:01.000851,2497.2999999999997
1210,25,4,2,427.05,2026-03-14T03:14:01.000851,854.1
1211,26,4,2,459.65,2026-04-03T23:14:01.000851,919.3
1212,11,4,9,253.85,2026-03-11T01:14:01.000851,2284.65
1213,3,2,8,483.15,2026-04-14T21:14:01.000851,3865.2
1214,25,5,10,19.08,2026-04-17T16:14:01.000851,190.79999999999998
1215,7,3,5,224.96,2026-03-19T14:14:01.000851,1124.8
1216,19,5,10,402.27,2026-05-26T00:14:01.000851,4022.7
1217,6,1,9,432.42,2026-05-16T03:14:01.000851,3891.78
1218,26,1,4,162.82,2026-04-23T06:14:01.000851,651.28
1219,7,2,9,64.92,2026-03-25T00:14:01.000851,584.28
1220,20,4,2,248.5,2026-05-30T00:14:01.000851,497.0
1221,8,4,10,50.96,2026-05-17T17:14:01.000851,509.6
1222,11,1,7,413.62,2026-05-19T15:14:01.000851,2895.34
1223,27,1,3,72.18,2026-03-11T02:14:01.000851,216.54000000000002
1224,28,5,3,128.41,2026-05-04T08:14:01.000851,385.23
1225,8,1,5,464.35,2026-05-20T08:14:01.000851,2321.75
1226,3,5,1,59.85,2026-04-19T00:14:01.000851,59.85
1227,26,2,5,419.8,2026-03-23T13:14:01.000851,2099.0
1228,3,1,7,47.85,2026-03-27T12:14:01.000851,334.95
1229,20,4,6,395.32,2026-04-23T11:14:01.000851,2371.92
1230,15,3,6,361.15,2026-04-13T06:14:01.000851,2166.8999999999996
1231,9,1,6,63.81,2026-03-31T11:14:01.000851,382.86
1232,3,2,2,371.3,2026-05-09T22:14:01.000851,742.6
1233,17,2,10,341.68,2026-05-25T22:14:01.000851,3416.8
1234,28,1,5,350.49,2026-05-01T08:14:01.000851,1752.45
1235,4,2,8,477.26,2026-03-21T03:14:01.000851,3818.08
1236,30,1,1,27.12,2026-05-11T16:14:01.000851,27.12
1237,19,4,6,70.87,2026-05-11T11:14:01.000851,425.22
1238,16,1,6,260.12,2026-04-03T14:14:01.000851,1560.72
1239,28,3,7,95.63,2026-04-18T06:14:01.000851,669.41
1240,7,2,4,104.58,2026-05-11T17:14:01.000851,418.32
1241,29,2,2,417.57,2026-05-14T03:14:01.000851,835.14
1242,10,2,9,143.19,2026-04-29T15:14:01.000851,1288.71
1243,6,5,8,370.69,2026-03-20T06:14:01.000851,2965.52
1244,20,5,2,490.28,2026-05-29T09:14:01.000851,980.56
1245,17,4,4,70.11,2026-05-19T02:14:01.000851,280.44
1246,14,4,2,255.72,2026-05-25T07:14:01.000851,511.44
1247,18,2,2,138.51,2026-04-11T15:14:01.000851,277.02
1248,2,1,10,287.08,2026-03-08T07:14:01.000851,2870.7999999999997
1249,28,1,2,175.25,2026-04-09T07:14:01.000851,350.5
1250,3,3,6,84.67,2026-03-12T09:14:01.000851,508.02
1251,23,3,7,109.57,2026-03-13T18:14:01.000851,766.99
1252,6,3,3,240.36,2026-03-30T23:14:01.000851,721.08
1253,2,2,5,125.42,2026-04-02T13:14:01.000851,627.1
1254,25,3,3,184.82,2026-03-16T00:14:01.000851,554.46
1255,30,3,7,499.91,2026-03-31T13:14:01.000851,3499.3700000000003
1256,6,4,5,241.98,2026-04-06T06:14:01.000851,1209.8999999999999
1257,6,5,6,347.28,2026-03-03T01:14:01.000851,2083.68
1258,4,4,10,38.42,2026-03-25T20:14:01.000851,384.20000000000005
1259,6,3,2,482.37,2026-04-17T21:14:01.000851,964.74
1260,18,2,2,180.22,2026-05-13T01:14:01.000851,360.44
1261,5,5,6,211.44,2026-04-09T04:14:01.000851,1268.6399999999999
1262,19,5,3,128.45,2026-04-25T01:14:01.000851,385.34999999999997
1263,29,3,3,202.81,2026-03-16T15:14:01.000851,608.4300000000001
1264,13,2,8,307.4,2026-05-25T19:14:01.000851,2459.2
1265,18,2,9,326.11,2026-05-10T22:14:01.000851,2934.9900000000002
1266,9,5,7,466.19,2026-05-04T16:14:01.000851,3263.33
1267,6,1,4,164.74,2026-05-30T23:14:01.000851,658.96
1268,15,1,5,201.8,2026-03-15T14:14:01.000851,1009.0
1269,23,5,8,372.74,2026-04-10T01:14:01.000851,2981.92
1270,30,5,6,56.02,2026-04-01T09:14:01.000851,336.12
1271,26,2,9,460.64,2026-05-01T00:14:01.000851,4145.76
1272,4,3,10,461.73,2026-03-16T13:14:01.000851,4617.3
1273,22,2,6,465.66,2026-03-07T21:14:01.000851,2793.96
1274,29,2,10,125.27,2026-03-03T14:14:01.000851,1252.7
1275,4,5,6,451.78,2026-05-01T07:14:01.000851,2710.68
1276,20,1,6,467.86,2026-03-16T14:14:01.000851,2807.16
1277,6,2,10,109.05,2026-03-30T20:14:01.000851,1090.5
1278,23,5,4,67.87,2026-03-27T22:14:01.000851,271.48
1279,17,1,2,300.72,2026-05-31T23:14:01.000851,601.44
1280,28,4,5,463.97,2026-04-04T11:14:01.000851,2319.8500000000004
1281,5,1,8,340.63,2026-03-17T18:14:01.000851,2725.04
1282,18,5,10,203.56,2026-03-20T09:14:01.000851,2035.6
1283,13,5,2,419.37,2026-05-08T07:14:01.000851,838.74
1284,14,4,6,446.25,2026-03-19T06:14:01.000851,2677.5
1285,9,3,7,402.2,2026-03-08T20:14:01.000851,2815.4
1286,24,4,2,349.99,2026-04-26T09:14:01.000851,699.98
1287,6,2,9,33.12,2026-04-23T18:14:01.000851,298.08
1288,19,1,6,288.73,2026-03-12T23:14:01.000851,1732.38
1289,30,5,2,285.43,2026-04-19T14:14:01.000851,570.86
1290,6,5,3,121.51,2026-05-16T00:14:01.000851,364.53000000000003
1291,23,3,5,117.14,2026-05-21T09:14:01.000851,585.7
1292,24,2,9,387.24,2026-03-08T22:14:01.000851,3485.16
1293,6,4,1,42.91,2026-05-04T08:14:01.000851,42.91
1294,16,5,7,389.67,2026-05-03T05:14:01.000851,2727.69
1295,25,1,4,25.08,2026-05-16T19:14:01.000851,100.32
1296,11,2,1,420.91,2026-05-17T11:14:01.000851,420.91
1297,18,4,9,304.01,2026-04-03T13:14:01.000851,2736.09
1298,15,5,2,153.14,2026-04-18T02:14:01.000851,306.28
1299,26,2,3,419.83,2026-04-01T02:14:01.000851,1259.49
1300,14,1,1,181.93,2026-04-21T12:14:01.000851,181.93
1301,14,1,2,392.19,2026-04-11T03:14:01.000851,784.38
1302,25,4,1,179.61,2026-04-18T16:14:01.000851,179.61
1303,7,5,8,254.34,2026-04-28T15:14:01.000851,2034.72
1304,14,1,7,394.12,2026-03-15T10:14:01.000851,2758.84
1305,28,2,9,479.54,2026-03-30T00:14:01.000851,4315.860000000001
1306,15,2,9,308.99,2026-05-02T22:14:01.000851,2780.91
1307,13,4,1,474.75,2026-05-31T04:14:01.000851,474.75
1308,23,2,9,180.39,2026-03-15T09:14:01.000851,1623.5099999999998
1309,3,1,8,325.4,2026-04-22T09:14:01.000851,2603.2
1310,21,5,4,411.15,2026-03-09T18:14:01.000851,1644.6
1311,4,2,3,215.64,2026-05-26T01:14:01.000851,646.92
1312,27,2,1,45.66,2026-05-27T16:14:01.000851,45.66
1313,8,3,5,117.08,2026-05-23T04:14:01.000851,585.4
1314,16,5,6,200.75,2026-05-31T19:14:01.000851,1204.5
1315,25,4,4,423.33,2026-05-27T04:14:01.000851,1693.32
1316,22,1,2,463.47,2026-05-18T04:14:01.000851,926.94
1317,29,5,9,189.05,2026-05-03T11:14:01.000851,1701.45
1318,2,1,4,421.24,2026-03-27T09:14:01.000851,1684.96
1319,28,3,2,54.94,2026-04-05T08:14:01.000851,109.88
1320,27,1,9,401.29,2026-05-31T22:14:01.000851,3611.61
1321,18,3,9,201.47,2026-05-26T14:14:01.000851,1813.23
1322,13,2,7,212.05,2026-03-04T10:14:01.000851,1484.3500000000001
1323,2,4,7,123.57,2026-05-25T14:14:01.000851,864.99
1324,7,3,10,434.27,2026-04-02T21:14:01.000851,4342.7
1325,15,5,1,231.77,2026-03-07T10:14:01.000851,231.77
1326,8,3,3,165.4,2026-03-12T15:14:01.000851,496.20000000000005
1327,20,2,5,300.53,2026-03-25T01:14:01.000851,1502.6499999999999
1328,27,2,9,172.67,2026-05-27T04:14:01.000851,1554.03
1329,29,5,1,75.93,2026-03-15T17:14:01.000851,75.93
1330,7,1,9,71.99,2026-03-26T05:14:01.000851,647.91
1331,25,4,2,352.02,2026-04-21T16:14:01.000851,704.04
1332,9,5,8,497.75,2026-04-14T08:14:01.000851,3982.0
1333,21,4,10,196.24,2026-04-20T22:14:01.000851,1962.4
1334,20,1,7,38.41,2026-03-22T03:14:01.000851,268.87
1335,2,2,7,174.73,2026-05-11T04:14:01.000851,1223.11
1336,28,5,10,119.67,2026-04-14T15:14:01.000851,1196.7
1337,29,4,6,263.66,2026-03-30T20:14:01.000851,1581.96
1338,2,3,9,167.56,2026-04-13T22:14:01.000851,1508.04
1339,4,2,10,254.89,2026-05-30T06:14:01.000851,2548.8999999999996
1340,17,5,4,283.82,2026-05-11T12:14:01.000851,1135.28
1341,8,2,10,215.92,2026-04-04T18:14:01.000851,2159.2
1342,18,2,4,266.57,2026-03-11T08:14:01.000851,1066.28
1343,16,4,7,213.18,2026-05-02T04:14:01.000851,1492.26
1344,19,4,6,372.49,2026-03-13T09:14:01.000851,2234.94
1345,15,4,3,246.93,2026-04-27T11:14:01.000851,740.79
1346,14,3,6,315.35,2026-05-26T17:14:01.000851,1892.1000000000001
1347,22,2,3,201.01,2026-05-08T11:14:01.000851,603.03
1348,28,2,8,156.47,2026-03-29T09:14:01.000851,1251.76
1349,10,3,10,67.48,2026-03-09T10:14:01.000851,674.8000000000001
1350,13,3,10,42.81,2026-04-07T10:14:01.000851,428.1
1351,22,5,4,477.12,2026-05-03T21:14:01.000851,1908.48
1352,10,3,9,146.41,2026-05-15T19:14:01.000851,1317.69
1353,2,2,6,462.87,2026-03-15T14:14:01.000851,2777.2200000000003
1354,9,1,2,455.66,2026-03-18T14:14:01.000851,911.32
1355,13,4,10,332.49,2026-04-30T03:14:01.000851,3324.9
1356,12,1,2,264.42,2026-05-28T15:14:01.000851,528.84
1357,19,3,7,454.84,2026-03-11T00:14:01.000851,3183.8799999999997
1358,24,1,1,425.61,2026-04-28T13:14:01.000851,425.61
1359,17,2,9,151.24,2026-03-29T20:14:01.000851,1361.16
1360,5,1,5,92.15,2026-05-15T11:14:01.000851,460.75
1361,26,1,8,343.58,2026-05-13T05:14:01.000851,2748.64
1362,28,2,5,420.28,2026-05-18T07:14:01.000851,2101.3999999999996
1363,16,2,4,37.76,2026-03-19T12:14:01.000851,151.04
1364,30,2,2,373.81,2026-03-16T06:14:01.000851,747.62
1365,12,3,10,96.12,2026-05-02T07:14:01.000851,961.2
1366,8,5,5,13.98,2026-05-29T12:14:01.000851,69.9
1367,9,4,2,479.82,2026-05-11T00:14:01.000851,959.64
1368,20,1,5,321.24,2026-05-13T01:14:01.000851,1606.2
1369,3,1,2,403.1,2026-03-08T15:14:01.000851,806.2
1370,17,3,4,88.13,2026-04-06T20:14:01.000851,352.52
1371,10,4,8,310.47,2026-05-22T17:14:01.000851,2483.76
1372,21,3,2,349.87,2026-04-09T23:14:01.000851,699.74
1373,7,2,1,460.45,2026-03-13T13:14:01.000851,460.45
1374,7,3,5,432.78,2026-03-12T14:14:01.000851,2163.8999999999996
1375,23,3,6,104.07,2026-04-10T17:14:01.000851,624.42
1376,13,5,3,415.25,2026-05-30T21:14:01.000851,1245.75
1377,14,5,7,343.41,2026-04-30T10:14:01.000851,2403.8700000000003
1378,28,2,8,332.51,2026-05-26T10:14:01.000851,2660.08
1379,3,5,5,244.4,2026-03-29T02:14:01.000851,1222.0
1380,6,4,2,485.72,2026-03-09T01:14:01.000851,971.44
1381,4,2,4,316.44,2026-04-14T00:14:01.000851,1265.76
1382,17,1,2,76.5,2026-04-18T09:14:01.000851,153.0
1383,3,3,10,106.39,2026-05-17T11:14:01.000851,1063.9
1384,26,5,5,435.84,2026-05-22T02:14:01.000851,2179.2
1385,25,3,1,343.47,2026-04-21T11:14:01.000851,343.47
1386,8,4,5,92.14,2026-03-06T04:14:01.000851,460.7
1387,19,3,4,401.12,2026-03-28T06:14:01.000851,1604.48
1388,8,5,6,331.91,2026-03-12T14:14:01.000851,1991.46
1389,3,4,2,301.18,2026-03-23T23:14:01.000851,602.36
1390,30,4,3,416.28,2026-05-12T17:14:01.000851,1248.84
1391,29,4,3,178.75,2026-03-04T15:14:01.000851,536.25
1392,2,1,4,360.31,2026-03-29T05:14:01.000851,1441.24
1393,28,2,6,75.19,2026-04-09T02:14:01.000851,451.14
1394,28,5,9,112.54,2026-05-25T14:14:01.000851,1012.86
1395,21,2,4,110.61,2026-05-25T06:14:01.000851,442.44
1396,24,4,5,112.6,2026-05-27T19:14:01.000851,563.0
1397,24,4,5,28.27,2026-03-12T10:14:01.000851,141.35
1398,25,2,2,82.95,2026-05-21T15:14:01.000851,165.9
1399,27,1,8,249.17,2026-04-10T21:14:01.000851,1993.36
1400,16,4,3,381.06,2026-03-12T07:14:01.000851,1143.18
1401,25,5,5,194.07,2026-03-12T22:14:01.000851,970.3499999999999
1402,2,2,1,59.58,2026-06-01T06:14:01.000851,59.58
1403,29,3,8,460.84,2026-05-12T14:14:01.000851,3686.72
1404,1,4,7,464.33,2026-05-24T11:14:01.000851,3250.31
1405,21,4,9,179.94,2026-04-17T15:14:01.000851,1619.46
1406,20,5,1,360.29,2026-03-24T13:14:01.000851,360.29
1407,18,1,1,33.35,2026-05-21T12:14:01.000851,33.35
1408,23,3,6,187.5,2026-05-02T01:14:01.000851,1125.0
1409,9,3,6,146.33,2026-03-28T02:14:01.000851,877.98
1410,14,1,2,57.28,2026-03-09T13:14:01.000851,114.56
1411,20,2,3,166.21,2026-05-22T14:14:01.000851,498.63
1412,2,3,9,365.33,2026-05-20T15:14:01.000851,3287.97
1413,27,4,10,242.39,2026-05-10T06:14:01.000851,2423.8999999999996
1414,3,5,10,308.86,2026-05-13T19:14:01.000851,3088.6000000000004
1415,4,4,5,382.24,2026-05-28T04:14:01.000851,1911.2
1416,28,3,4,381.0,2026-05-16T07:14:01.000851,1524.0
1417,14,4,5,252.59,2026-05-02T13:14:01.000851,1262.95
1418,4,1,3,297.18,2026-05-18T04:14:01.000851,891.54
1419,17,1,10,108.71,2026-03-06T11:14:01.000851,1087.1
1420,26,2,8,268.82,2026-04-30T01:14:01.000851,2150.56
1421,21,4,1,340.94,2026-04-22T02:14:01.000851,340.94
1422,17,1,3,240.19,2026-03-02T19:14:01.000851,720.5699999999999
1423,23,3,6,414.91,2026-03-18T18:14:01.000851,2489.46
1424,24,2,7,465.43,2026-05-19T04:14:01.000851,3258.01
1425,9,2,2,166.07,2026-05-01T20:14:01.000851,332.14
1426,17,4,8,295.17,2026-04-19T12:14:01.000851,2361.36
1427,10,5,9,273.78,2026-04-25T11:14:01.000851,2464.0199999999995
1428,24,1,1,379.4,2026-04-08T10:14:01.000851,379.4
1429,18,3,5,54.63,2026-04-08T22:14:01.000851,273.15000000000003
1430,30,3,9,77.84,2026-05-07T17:14:01.000851,700.5600000000001
1431,4,3,9,145.12,2026-05-02T11:14:01.000851,1306.08
1432,3,3,7,448.57,2026-05-11T21:14:01.000851,3139.99
1433,20,1,1,140.06,2026-05-17T14:14:01.000851,140.06
1434,28,5,2,36.4,2026-05-16T02:14:01.000851,72.8
1435,25,5,7,61.47,2026-03-25T05:14:01.000851,430.28999999999996
1436,17,3,6,260.29,2026-05-04T16:14:01.000851,1561.7400000000002
1437,4,5,10,146.14,2026-04-10T09:14:01.000851,1461.3999999999999
1438,28,1,5,193.53,2026-05-12T13:14:01.000851,967.65
1439,28,1,7,319.42,2026-03-21T04:14:01.000851,2235.94
1440,9,3,1,305.82,2026-05-02T01:14:01.000851,305.82
1441,24,4,9,325.49,2026-04-15T22:14:01.000851,2929.41
1442,25,4,1,409.91,2026-05-02T01:14:01.000851,409.91
1443,13,2,6,376.06,2026-05-12T08:14:01.000851,2256.36
1444,4,5,5,154.42,2026-05-19T09:14:01.000851,772.0999999999999
1445,19,4,1,17.99,2026-03-29T21:14:01.000851,17.99
1446,5,4,5,279.48,2026-04-25T01:14:01.000851,1397.4
1447,14,4,1,293.97,2026-05-15T09:14:01.000851,293.97
1448,24,2,10,150.28,2026-04-03T12:14:01.000851,1502.8
1449,25,3,6,163.97,2026-04-07T15:14:01.000851,983.8199999999999
1450,1,5,7,417.32,2026-05-31T20:14:01.000851,2921.24
1451,6,2,6,341.96,2026-05-26T14:14:01.000851,2051.7599999999998
1452,12,1,10,36.13,2026-05-15T20:14:01.000851,361.3
1453,2,2,2,245.65,2026-05-12T22:14:01.000851,491.3
1454,30,5,3,145.48,2026-04-22T10:14:01.000851,436.43999999999994
1455,30,2,9,192.42,2026-03-22T10:14:01.000851,1731.78
1456,26,3,8,145.7,2026-05-25T03:14:01.000851,1165.6
1457,3,2,4,33.57,2026-04-08T06:14:01.000851,134.28
1458,9,5,5,489.66,2026-04-13T15:14:01.000851,2448.3
1459,20,1,10,435.17,2026-04-11T19:14:01.000851,4351.7
1460,10,4,8,297.8,2026-03-17T14:14:01.000851,2382.4
1461,8,4,2,232.87,2026-04-24T23:14:01.000851,465.74
1462,4,1,6,38.58,2026-04-08T07:14:01.000851,231.48
1463,7,4,3,296.93,2026-04-23T14:14:01.000851,890.79
1464,11,2,9,196.87,2026-04-24T22:14:01.000851,1771.83
1465,6,1,1,120.23,2026-04-24T03:14:01.000851,120.23
1466,25,1,5,191.43,2026-04-28T10:14:01.000851,957.1500000000001
1467,6,5,1,289.27,2026-04-28T10:14:01.000851,289.27
1468,24,1,8,376.06,2026-04-19T20:14:01.000851,3008.48
1469,18,5,10,92.39,2026-03-09T11:14:01.000851,923.9
1470,27,2,10,337.51,2026-03-18T04:14:01.000851,3375.1
1471,11,2,4,488.15,2026-04-09T02:14:01.000851,1952.6
1472,3,5,6,202.55,2026-05-11T05:14:01.000851,1215.3000000000002
1473,16,2,5,31.02,2026-04-04T06:14:01.000851,155.1
1474,10,5,3,357.72,2026-04-24T00:14:01.000851,1073.16
1475,19,1,1,123.86,2026-03-25T01:14:01.000851,123.86
1476,26,2,5,490.99,2026-03-30T21:14:01.000851,2454.95
1477,15,2,7,142.01,2026-04-14T23:14:01.000851,994.0699999999999
1478,19,3,9,378.99,2026-05-17T01:14:01.000851,3410.91
1479,13,2,7,490.04,2026-04-26T12:14:01.000851,3430.28
1480,6,4,3,25.54,2026-05-13T21:14:01.000851,76.62
1481,22,1,7,410.65,2026-04-29T20:14:01.000851,2874.5499999999997
1482,7,1,7,16.04,2026-04-06T02:14:01.000851,112.28
1483,17,1,6,258.03,2026-05-13T02:14:01.000851,1548.1799999999998
1484,11,5,3,142.37,2026-03-19T20:14:01.000851,427.11
1485,6,2,7,112.38,2026-03-12T07:14:01.000851,786.66
1486,14,5,1,490.18,2026-05-11T17:14:01.000851,490.18
1487,15,1,3,422.28,2026-05-03T00:14:01.000851,1266.84
1488,23,2,3,203.98,2026-03-18T04:14:01.000851,611.9399999999999
1489,12,5,5,422.44,2026-05-14T03:14:01.000851,2112.2
1490,16,3,7,296.82,2026-04-11T04:14:01.000851,2077.74
1491,23,5,6,112.86,2026-05-04T13:14:01.000851,677.16
1492,27,1,2,201.78,2026-03-07T07:14:01.000851,403.56
1493,11,5,7,92.78,2026-04-09T07:14:01.000851,649.46
1494,12,3,6,251.27,2026-03-29T12:14:01.000851,1507.6200000000001
1495,21,5,3,393.6,2026-04-18T05:14:01.000851,1180.8000000000002
1496,4,2,7,493.23,2026-05-19T21:14:01.000851,3452.61
1497,18,2,2,391.28,2026-03-16T17:14:01.000851,782.56
1498,1,3,8,444.61,2026-05-16T05:14:01.000851,3556.88
1499,20,2,1,168.64,2026-05-26T01:14:01.000851,168.64
1500,18,4,1,408.05,2026-04-14T19:14:01.000851,408.05
