sale_id,product_id,store_id,quantity,price,timestamp
1,13,4,6,65.49,2026-04-25T01:14:01.851279
2,12,5,5,379.96,2026-04-12T04:14:01.851279
3,10,5,9,182.95,2026-05-17T16:14:01.851279
4,25,4,5,391.45,2026-03-08T08:14:01.851279
5,10,5,8,66.87,2026-05-31T13:14:01.851279
6,2,5,2,230.36,2026-04-16T07:14:01.851279
7,7,1,5,332.44,2026-03-21T22:14:01.851279
8,16,4,3,110.87,2026-03-24T02:14:01.851279
9,30,5,4,122.53,2026-05-11T04:14:01.851279
10,28,2,7,354.26,2026-05-12T04:14:01.851279
11,13,5,-5,63.37,2026-04-24T16:14:01.851279
12,12,2,4,184.48,2026-05-16T18:14:01.851279
13,4,3,9,487.71,2026-03-27T21:14:01.851279
14,25,3,2,482.86,2026-04-18T18:14:01.851279
15,18,4,5,405.75,2026-03-14T05:14:01.851279
16,5,5,4,134.63,2026-05-17T10:14:01.851279
17,10,5,6,341.55,2026-04-15T23:14:01.851279
18,4,2,10,279.27,2026-03-11T13:14:01.851279
19,12,1,3,312.03,2026-04-06T03:14:01.851279
20,23,4,6,316.74,2026-04-10T00:14:01.851279
21,23,4,1,,2026-04-10T16:14:01.851279
22,18,3,3,326.52,2026-05-21T02:14:01.851279
23,4,3,4,366.43,2026-03-27T10:14:01.851279
24,1,4,10,257.83,2026-06-01T11:14:01.851279
25,23,5,9,104.28,2026-04-29T11:14:01.851279
26,16,5,8,276.56,2026-05-23T11:14:01.851279
27,27,1,2,94.81,2026-04-06T16:14:01.851279
28,25,1,4,288.12,2026-04-15T04:14:01.851279
29,17,2,9,270.32,2026-03-19T09:14:01.851279
30,16,2,1,176.1,2026-04-29T04:14:01.851279
31,12,1,1,37.97,bad_timestamp
32,6,2,2,68.89,2026-03-19T20:14:01.851279
33,7,4,3,316.86,2026-04-04T03:14:01.851279
34,9,4,10,60.74,2026-04-06T05:14:01.851279
35,23,5,4,67.02,2026-03-21T01:14:01.851279
36,10,4,6,158.46,2026-04-13T02:14:01.851279
37,2,3,8,190.73,2026-05-23T20:14:01.851279
38,8,5,6,240.52,2026-03-07T11:14:01.851279
39,16,5,2,18.8,2026-03-26T07:14:01.851279
40,27,4,3,436.71,2026-04-05T18:14:01.851279
41,15,5,10,346.75,2026-04-27T01:14:01.851279
42,29,2,9,350.2,2026-03-17T10:14:01.851279
43,29,5,6,223.09,2026-03-27T22:14:01.851279
44,27,4,6,453.09,2026-05-03T02:14:01.851279
45,22,1,3,435.38,2026-05-14T19:14:01.851279
46,4,5,6,177.66,2026-05-02T21:14:01.851279
47,4,2,5,131.79,2026-03-12T06:14:01.851279
48,20,5,9,237.08,2026-04-25T10:14:01.851279
49,10,1,6,132.54,2026-03-19T17:14:01.851279
50,30,5,4,130.47,2026-03-13T01:14:01.851279
51,23,1,1,358.51,2026-03-04T04:14:01.851279
52,17,1,1,36.85,2026-05-05T05:14:01.851279
53,4,3,10,443.65,2026-03-16T11:14:01.851279
54,14,5,4,152.53,2026-05-05T16:14:01.851279
55,13,1,7,184.2,2026-05-10T09:14:01.851279
56,21,4,10,291.02,2026-05-28T19:14:01.851279
57,13,1,8,311.53,2026-05-22T09:14:01.851279
58,17,3,6,407.26,2026-05-18T14:14:01.851279
59,27,3,6,319.93,2026-05-17T02:14:01.851279
60,6,1,9,434.31,2026-04-06T00:14:01.851279
61,5,5,6,20.08,2026-03-30T23:14:01.851279
62,3,5,4,156.5,2026-03-23T09:14:01.851279
63,6,4,6,374.07,2026-05-27T23:14:01.851279
64,25,3,10,472.04,2026-05-12T05:14:01.851279
65,9,4,9,284.78,2026-05-27T00:14:01.851279
66,3,2,7,265.72,2026-03-25T08:14:01.851279
67,4,4,5,347.27,2026-05-14T03:14:01.851279
68,25,5,3,371.64,2026-03-23T11:14:01.851279
69,25,5,3,244.33,2026-05-31T19:14:01.851279
70,17,4,4,384.71,2026-04-17T21:14:01.851279
71,3,5,2,256.46,2026-03-21T11:14:01.851279
72,18,3,10,97.44,2026-03-14T03:14:01.851279
73,5,3,9,153.65,2026-04-21T17:14:01.851279
74,10,5,10,384.8,2026-03-30T05:14:01.851279
75,26,5,6,375.34,2026-03-26T22:14:01.851279
76,10,4,7,456.15,2026-03-24T18:14:01.851279
77,18,1,8,93.49,2026-05-06T10:14:01.851279
78,18,5,4,31.46,2026-05-06T15:14:01.851279
79,6,4,2,137.66,2026-05-18T03:14:01.851279
80,22,4,5,376.63,2026-03-11T03:14:01.851279
81,16,1,1,53.22,2026-05-06T07:14:01.851279
82,29,4,5,448.42,2026-03-02T20:14:01.851279
83,28,1,4,324.69,2026-05-02T16:14:01.851279
84,3,5,7,205.09,2026-05-04T15:14:01.851279
85,12,3,8,36.85,2026-03-23T02:14:01.851279
86,4,4,8,57.94,2026-03-15T14:14:01.851279
87,23,1,6,237.77,2026-05-22T18:14:01.851279
88,29,2,6,443.65,2026-06-01T11:14:01.851279
89,18,3,8,222.17,2026-04-08T05:14:01.851279
90,25,5,4,488.59,2026-03-20T00:14:01.851279
91,1,4,7,461.72,2026-04-29T22:14:01.851279
92,13,4,2,28.72,2026-03-04T14:14:01.851279
93,14,3,9,87.31,2026-03-31T20:14:01.851279
94,9,5,10,121.44,2026-04-27T21:14:01.851279
95,2,4,10,182.85,2026-05-05T14:14:01.851279
96,29,1,7,84.89,2026-04-02T19:14:01.851279
97,7,1,4,24.19,2026-04-14T16:14:01.851279
98,19,3,5,298.87,2026-04-19T12:14:01.851279
99,13,5,1,410.47,2026-04-14T07:14:01.851279
100,12,2,10,469.96,2026-03-16T00:14:01.851279
101,25,5,8,386.13,2026-03-20T09:14:01.851279
102,17,3,9,313.63,2026-05-26T09:14:01.851279
103,5,4,6,189.68,2026-03-13T05:14:01.851279
104,2,4,1,461.18,2026-03-18T19:14:01.851279
105,22,5,2,61.1,2026-05-06T17:14:01.851279
106,28,4,7,270.88,2026-03-30T02:14:01.851279
107,12,1,5,63.42,2026-05-26T07:14:01.851279
108,21,3,6,165.6,2026-05-17T19:14:01.851279
109,21,4,9,129.64,2026-05-08T22:14:01.851279
110,8,2,9,247.72,2026-04-12T10:14:01.851279
111,5,4,7,20.66,2026-05-11T19:14:01.851279
112,19,4,7,159.9,2026-03-07T08:14:01.851279
113,4,5,5,88.02,2026-04-08T06:14:01.851279
114,5,1,9,276.27,2026-05-07T04:14:01.851279
115,16,5,3,194.03,2026-03-11T22:14:01.851279
116,19,1,5,377.89,2026-05-04T05:14:01.851279
117,27,5,9,156.89,2026-03-28T21:14:01.851279
118,21,5,8,138.59,2026-04-04T05:14:01.851279
119,5,3,6,329.23,2026-04-30T14:14:01.851279
120,4,5,4,443.26,2026-03-10T10:14:01.851279
121,11,5,3,300.02,2026-04-30T03:14:01.851279
122,7,1,1,426.18,2026-03-05T13:14:01.851279
123,4,2,6,207.71,2026-04-02T03:14:01.851279
124,15,1,3,15.59,2026-04-02T20:14:01.851279
125,30,3,2,227.43,2026-04-11T07:14:01.851279
126,10,2,4,432.19,2026-04-16T00:14:01.851279
127,1,1,2,29.47,2026-03-30T14:14:01.851279
128,28,4,7,402.36,2026-05-17T06:14:01.851279
129,22,4,3,85.65,2026-05-16T05:14:01.851279
130,15,1,3,108.07,2026-05-04T06:14:01.851279
131,8,3,8,129.36,2026-04-10T23:14:01.851279
132,27,3,7,28.29,2026-03-16T07:14:01.851279
133,28,2,9,105.87,2026-04-26T12:14:01.851279
134,8,3,1,295.46,2026-04-27T15:14:01.851279
135,22,4,1,353.01,2026-03-06T14:14:01.851279
136,15,4,2,381.59,2026-05-17T00:14:01.851279
137,21,5,1,307.13,2026-03-22T06:14:01.851279
138,6,1,5,469.3,2026-04-25T02:14:01.851279
139,30,5,7,308.02,2026-04-16T21:14:01.851279
140,2,4,2,318.66,2026-04-30T18:14:01.851279
141,4,1,1,22.48,2026-03-22T10:14:01.851279
142,23,4,7,75.04,2026-05-04T11:14:01.851279
143,21,2,9,92.09,2026-04-13T18:14:01.851279
144,22,3,6,11.07,2026-04-21T14:14:01.851279
145,30,2,7,64.72,2026-05-04T06:14:01.851279
146,6,2,10,362.68,2026-04-08T14:14:01.851279
147,24,1,1,263.47,2026-05-22T07:14:01.851279
148,10,5,9,106.7,2026-03-28T20:14:01.851279
149,14,2,6,175.16,2026-05-25T21:14:01.851279
150,14,1,5,429.15,2026-05-11T17:14:01.851279
151,30,1,5,357.01,2026-05-16T17:14:01.851279
152,16,1,6,42.35,2026-03-30T08:14:01.851279
153,6,3,6,160.87,2026-05-22T20:14:01.851279
154,27,3,10,268.51,2026-03-18T04:14:01.851279
155,17,5,2,265.8,2026-03-04T11:14:01.851279
156,13,4,5,420.88,2026-04-30T16:14:01.851279
157,26,5,4,132.99,2026-04-20T13:14:01.851279
158,11,5,6,364.96,2026-05-05T12:14:01.851279
159,7,5,2,199.51,2026-05-16T06:14:01.851279
160,5,5,8,330.13,2026-03-14T10:14:01.851279
161,20,3,6,132.36,2026-05-26T12:14:01.851279
162,23,3,9,450.6,2026-05-13T05:14:01.851279
163,4,3,4,443.63,2026-05-04T14:14:01.851279
164,19,1,8,19.86,2026-04-30T07:14:01.851279
165,10,4,7,474.71,2026-04-08T19:14:01.851279
166,22,2,4,414.38,2026-04-03T05:14:01.851279
167,8,3,5,329.45,2026-05-13T08:14:01.851279
168,20,4,2,177.22,2026-04-11T00:14:01.851279
169,27,1,6,403.78,2026-05-27T16:14:01.851279
170,17,5,3,342.24,2026-04-18T12:14:01.851279
171,3,2,3,398.17,2026-04-16T04:14:01.851279
172,4,2,9,474.63,2026-03-13T03:14:01.851279
173,25,2,2,212.89,2026-05-11T04:14:01.851279
174,30,1,1,86.57,2026-04-18T04:14:01.851279
175,2,4,2,90.58,2026-03-25T21:14:01.851279
176,15,5,1,22.24,2026-03-13T08:14:01.851279
177,6,4,10,39.84,2026-03-25T12:14:01.851279
178,18,3,1,72.52,2026-03-17T11:14:01.851279
179,27,1,6,499.01,2026-03-24T12:14:01.851279
180,8,3,3,310.88,2026-03-24T20:14:01.851279
181,23,5,7,380.82,2026-05-01T10:14:01.851279
182,21,3,6,429.05,2026-05-18T05:14:01.851279
183,2,5,6,237.63,2026-05-16T18:14:01.851279
184,17,3,2,73.44,2026-05-24T01:14:01.851279
185,23,2,7,183.07,2026-05-03T21:14:01.851279
186,8,1,2,308.0,2026-03-27T23:14:01.851279
187,2,4,7,246.8,2026-03-13T03:14:01.851279
188,1,1,10,492.81,2026-03-04T04:14:01.851279
189,19,1,10,467.09,2026-05-04T12:14:01.851279
190,11,5,10,197.53,2026-04-03T15:14:01.851279
191,5,5,2,104.5,2026-03-24T16:14:01.851279
192,13,1,2,52.81,2026-04-17T07:14:01.851279
193,18,3,8,478.72,2026-03-30T16:14:01.851279
194,16,5,4,194.14,2026-03-25T05:14:01.851279
195,22,4,8,102.52,2026-05-11T21:14:01.851279
196,1,4,3,466.21,2026-03-12T18:14:01.851279
197,11,3,9,19.99,2026-05-21T21:14:01.851279
198,11,2,3,35.27,2026-03-19T03:14:01.851279
199,24,3,1,285.61,2026-03-09T06:14:01.851279
200,11,2,7,343.15,2026-05-21T17:14:01.851279
201,4,3,4,227.44,2026-05-01T06:14:01.851279
202,18,2,7,232.59,2026-03-15T19:14:01.851279
203,3,2,1,451.47,2026-03-13T14:14:01.851279
204,19,1,5,116.05,2026-03-17T11:14:01.851279
205,21,4,10,33.13,2026-03-18T19:14:01.851279
206,4,1,1,382.86,2026-04-06T05:14:01.851279
207,22,4,7,162.9,2026-03-07T14:14:01.851279
208,30,5,4,184.23,2026-03-17T08:14:01.851279
209,21,4,9,23.39,2026-03-25T07:14:01.851279
210,15,4,4,253.18,2026-05-17T12:14:01.851279
211,29,5,8,69.21,2026-04-27T04:14:01.851279
212,22,4,8,356.95,2026-05-02T15:14:01.851279
213,28,4,10,202.16,2026-05-13T14:14:01.851279
214,9,4,10,343.91,2026-03-15T04:14:01.851279
215,10,5,4,299.52,2026-04-20T14:14:01.851279
216,22,4,2,15.13,2026-05-13T11:14:01.851279
217,29,1,6,159.88,2026-04-28T16:14:01.851279
218,24,3,9,478.68,2026-03-29T08:14:01.851279
219,27,4,7,431.56,2026-03-17T14:14:01.851279
220,3,4,1,406.63,2026-03-04T05:14:01.851279
221,14,5,1,49.91,2026-04-28T10:14:01.851279
222,23,2,7,349.89,2026-04-15T23:14:01.851279
223,5,4,8,193.18,2026-05-18T08:14:01.851279
224,2,1,9,410.13,2026-05-08T11:14:01.851279
225,14,5,7,226.99,2026-04-11T08:14:01.851279
226,15,2,6,324.85,2026-04-11T18:14:01.851279
227,29,5,3,180.11,2026-04-25T15:14:01.851279
228,3,3,3,408.64,2026-05-25T19:14:01.851279
229,9,2,2,352.06,2026-04-29T22:14:01.851279
230,26,2,6,475.94,2026-05-18T03:14:01.851279
231,4,1,6,288.52,2026-03-02T17:14:01.851279
232,9,3,9,367.87,2026-04-22T13:14:01.851279
233,25,5,5,301.19,2026-03-17T14:14:01.851279
234,15,1,8,29.67,2026-04-25T06:14:01.851279
235,29,2,5,166.79,2026-05-06T20:14:01.851279
236,14,5,8,178.92,2026-05-01T21:14:01.851279
237,8,1,6,145.97,2026-03-26T20:14:01.851279
238,6,1,6,50.97,2026-05-17T13:14:01.851279
239,4,3,9,460.71,2026-04-09T14:14:01.851279
240,24,2,1,337.11,2026-04-25T15:14:01.851279
241,17,3,5,297.6,2026-04-25T22:14:01.851279
242,25,2,5,125.56,2026-05-18T07:14:01.851279
243,2,3,4,156.06,2026-03-26T03:14:01.851279
244,19,5,7,280.35,2026-05-25T20:14:01.851279
245,7,3,7,266.98,2026-04-16T09:14:01.851279
246,19,3,10,383.78,2026-04-26T13:14:01.851279
247,25,3,9,143.37,2026-03-14T20:14:01.851279
248,11,5,8,495.79,2026-05-05T17:14:01.851279
249,11,2,4,34.86,2026-05-27T13:14:01.851279
250,30,5,1,26.21,2026-03-14T20:14:01.851279
251,21,2,6,495.23,2026-03-10T14:14:01.851279
252,6,3,4,479.89,2026-03-04T23:14:01.851279
253,4,1,5,430.5,2026-03-03T11:14:01.851279
254,3,2,3,450.91,2026-04-23T11:14:01.851279
255,13,2,5,134.97,2026-04-04T11:14:01.851279
256,10,3,8,23.35,2026-03-18T09:14:01.851279
257,6,5,7,412.51,2026-04-26T01:14:01.851279
258,12,1,10,495.2,2026-03-14T19:14:01.851279
259,29,4,5,171.98,2026-03-13T06:14:01.851279
260,3,4,3,330.57,2026-04-08T03:14:01.851279
261,27,3,8,384.45,2026-04-17T11:14:01.851279
262,14,4,7,311.18,2026-05-09T09:14:01.851279
263,2,1,9,435.4,2026-03-28T20:14:01.851279
264,20,5,10,285.62,2026-05-05T02:14:01.851279
265,24,5,3,181.18,2026-04-19T20:14:01.851279
266,25,1,8,12.21,2026-04-24T21:14:01.851279
267,15,5,10,124.82,2026-03-13T23:14:01.851279
268,26,4,1,317.35,2026-04-04T20:14:01.851279
269,14,4,7,173.12,2026-05-11T04:14:01.851279
270,28,5,6,240.97,2026-04-10T01:14:01.851279
271,6,1,2,349.03,2026-05-07T13:14:01.851279
272,19,2,7,53.48,2026-05-11T17:14:01.851279
273,3,2,5,432.58,2026-03-18T01:14:01.851279
274,24,4,3,137.65,2026-04-08T20:14:01.851279
275,6,3,1,254.08,2026-04-14T11:14:01.851279
276,16,3,8,419.85,2026-05-18T22:14:01.851279
277,1,3,1,350.79,2026-05-23T14:14:01.851279
278,19,3,9,469.77,2026-04-22T05:14:01.851279
279,29,4,4,482.52,2026-05-20T19:14:01.851279
280,20,5,3,244.58,2026-04-07T00:14:01.851279
281,18,2,5,181.29,2026-05-22T20:14:01.851279
282,7,1,6,108.83,2026-03-06T10:14:01.851279
283,12,1,9,44.55,2026-03-16T13:14:01.851279
284,16,2,8,110.61,2026-03-06T14:14:01.851279
285,19,1,3,347.28,2026-04-10T11:14:01.851279
286,23,2,3,171.99,2026-03-21T15:14:01.851279
287,27,1,8,133.69,2026-04-12T16:14:01.851279
288,9,5,2,204.72,2026-04-28T09:14:01.851279
289,29,1,9,140.87,2026-03-03T17:14:01.851279
290,9,4,1,434.25,2026-05-14T08:14:01.851279
291,18,2,7,419.9,2026-04-30T15:14:01.851279
292,22,3,5,272.81,2026-04-05T06:14:01.851279
293,30,1,4,358.98,2026-03-16T12:14:01.851279
294,20,1,5,205.06,2026-05-23T20:14:01.851279
295,12,4,6,457.89,2026-03-16T08:14:01.851279
296,6,2,1,434.52,2026-04-22T22:14:01.851279
297,23,5,8,435.65,2026-03-17T22:14:01.851279
298,11,1,9,490.85,2026-03-22T22:14:01.851279
299,4,1,9,195.14,2026-03-06T09:14:01.851279
300,28,2,8,445.97,2026-05-27T18:14:01.851279
301,26,2,9,236.89,2026-04-20T13:14:01.851279
302,14,1,5,133.35,2026-05-17T14:14:01.851279
303,22,2,9,126.56,2026-04-18T00:14:01.851279
304,29,1,2,203.04,2026-03-23T18:14:01.851279
305,17,2,8,452.39,2026-03-29T03:14:01.851279
306,4,1,6,223.86,2026-04-19T16:14:01.851279
307,7,5,8,34.91,2026-03-09T08:14:01.851279
308,19,2,8,232.42,2026-03-12T17:14:01.851279
309,6,2,2,323.41,2026-04-05T15:14:01.851279
310,16,2,1,292.37,2026-03-22T02:14:01.851279
311,15,4,5,196.59,2026-05-06T14:14:01.851279
312,30,4,3,23.52,2026-05-17T21:14:01.851279
313,17,2,4,282.55,2026-05-06T05:14:01.851279
314,13,5,7,150.51,2026-04-20T11:14:01.851279
315,1,2,6,120.65,2026-04-25T18:14:01.851279
316,19,1,9,431.09,2026-03-16T20:14:01.851279
317,11,5,4,197.75,2026-03-30T20:14:01.851279
318,9,2,2,418.64,2026-05-10T10:14:01.851279
319,28,1,3,246.15,2026-05-06T15:14:01.851279
320,20,4,8,263.12,2026-04-06T04:14:01.851279
321,15,2,1,429.36,2026-05-29T14:14:01.851279
322,11,3,8,224.14,2026-04-16T02:14:01.851279
323,19,5,8,48.86,2026-04-17T07:14:01.851279
324,10,2,1,195.81,2026-05-21T01:14:01.851279
325,26,5,2,58.68,2026-03-02T14:14:01.851279
326,12,1,5,210.13,2026-05-01T12:14:01.851279
327,5,4,9,18.43,2026-03-27T23:14:01.851279
328,28,1,4,126.11,2026-03-13T05:14:01.851279
329,26,1,9,375.19,2026-04-21T12:14:01.851279
330,30,1,8,307.81,2026-05-03T04:14:01.851279
331,20,4,1,66.47,2026-04-06T17:14:01.851279
332,4,1,1,318.13,2026-04-09T20:14:01.851279
333,22,4,3,139.33,2026-04-08T14:14:01.851279
334,21,5,7,497.14,2026-03-29T12:14:01.851279
335,9,3,4,63.64,2026-03-21T16:14:01.851279
336,21,4,3,319.79,2026-03-17T23:14:01.851279
337,3,1,10,329.78,2026-05-31T07:14:01.851279
338,22,4,1,423.84,2026-04-24T13:14:01.851279
339,27,3,9,171.68,2026-04-23T22:14:01.851279
340,21,2,7,303.79,2026-03-10T05:14:01.851279
341,15,1,10,408.23,2026-05-03T12:14:01.851279
342,18,2,10,95.73,2026-04-24T11:14:01.851279
343,27,5,3,82.18,2026-04-08T19:14:01.851279
344,21,1,5,369.58,2026-05-25T15:14:01.851279
345,10,4,9,190.83,2026-03-23T12:14:01.851279
346,4,3,6,63.37,2026-05-08T10:14:01.851279
347,13,1,3,287.33,2026-04-09T19:14:01.851279
348,26,5,9,287.33,2026-03-27T21:14:01.851279
349,5,2,8,474.88,2026-05-29T04:14:01.851279
350,18,3,7,413.12,2026-04-19T18:14:01.851279
351,25,2,2,322.55,2026-04-30T12:14:01.851279
352,10,1,6,282.25,2026-05-25T14:14:01.851279
353,6,2,9,425.04,2026-05-06T04:14:01.851279
354,15,1,7,195.06,2026-03-15T20:14:01.851279
355,4,5,10,488.61,2026-04-07T02:14:01.851279
356,21,1,4,140.42,2026-05-27T08:14:01.851279
357,15,5,9,467.77,2026-05-14T14:14:01.851279
358,21,3,5,168.38,2026-04-14T08:14:01.851279
359,30,5,5,193.68,2026-03-21T03:14:01.851279
360,4,2,7,469.5,2026-04-30T08:14:01.851279
361,30,1,5,318.55,2026-04-23T12:14:01.851279
362,15,5,5,271.39,2026-05-19T12:14:01.851279
363,12,1,8,498.67,2026-03-26T15:14:01.851279
364,20,1,6,115.2,2026-03-23T03:14:01.851279
365,5,3,7,457.79,2026-05-20T05:14:01.851279
366,20,2,10,216.24,2026-05-31T01:14:01.851279
367,16,4,6,397.25,2026-03-13T21:14:01.851279
368,8,1,4,61.73,2026-05-31T05:14:01.851279
369,18,3,1,409.39,2026-05-14T05:14:01.851279
370,22,5,4,204.09,2026-04-13T09:14:01.851279
371,24,2,5,296.75,2026-04-07T21:14:01.851279
372,14,5,9,297.44,2026-05-04T11:14:01.851279
373,21,4,7,145.12,2026-05-30T20:14:01.851279
374,30,2,8,17.57,2026-04-10T06:14:01.851279
375,20,5,7,32.54,2026-04-26T06:14:01.851279
376,13,3,3,461.68,2026-05-10T16:14:01.851279
377,29,3,2,180.54,2026-03-07T02:14:01.851279
378,1,3,10,358.54,2026-03-10T02:14:01.851279
379,20,3,9,213.68,2026-05-28T09:14:01.851279
380,13,4,4,480.2,2026-03-12T13:14:01.851279
381,25,3,10,380.31,2026-05-16T07:14:01.851279
382,11,4,10,31.66,2026-03-26T03:14:01.851279
383,14,3,7,428.94,2026-03-14T13:14:01.851279
384,29,2,3,269.53,2026-03-05T05:14:01.851279
385,26,2,4,203.24,2026-05-03T03:14:01.851279
386,8,5,3,42.28,2026-05-09T19:14:01.851279
387,20,3,2,431.14,2026-03-25T03:14:01.851279
388,25,3,4,396.14,2026-03-29T00:14:01.851279
389,18,3,7,374.99,2026-05-01T21:14:01.851279
390,30,4,6,167.91,2026-05-12T17:14:01.851279
391,6,5,3,281.44,2026-04-11T17:14:01.851279
392,8,3,10,413.46,2026-03-05T06:14:01.851279
393,2,4,6,467.48,2026-05-17T10:14:01.851279
394,11,2,5,102.41,2026-03-14T01:14:01.851279
395,27,4,9,415.72,2026-03-28T17:14:01.851279
396,2,5,2,60.55,2026-04-04T16:14:01.851279
397,28,4,8,18.44,2026-04-13T02:14:01.851279
398,7,3,1,378.93,2026-03-17T17:14:01.851279
399,3,4,1,110.56,2026-03-14T10:14:01.851279
400,29,4,7,358.51,2026-05-08T06:14:01.851279
401,23,1,5,445.2,2026-03-23T07:14:01.851279
402,17,4,9,80.26,2026-03-06T16:14:01.851279
403,9,5,9,204.76,2026-05-30T14:14:01.851279
404,6,3,3,411.28,2026-04-21T14:14:01.851279
405,28,5,10,404.01,2026-05-16T14:14:01.851279
406,20,4,9,37.45,2026-03-04T14:14:01.851279
407,15,3,10,189.78,2026-03-04T08:14:01.851279
408,18,5,4,359.05,2026-04-18T02:14:01.851279
409,21,5,5,115.89,2026-03-05T00:14:01.851279
410,24,2,2,430.85,2026-05-31T11:14:01.851279
411,15,5,8,153.1,2026-04-25T12:14:01.851279
412,21,3,8,469.32,2026-04-04T23:14:01.851279
413,13,3,2,188.37,2026-05-05T17:14:01.851279
414,6,3,4,321.21,2026-05-15T10:14:01.851279
415,29,4,8,246.18,2026-03-08T06:14:01.851279
416,20,1,9,228.01,2026-03-08T15:14:01.851279
417,30,2,5,189.35,2026-03-03T10:14:01.851279
418,8,4,3,273.29,2026-05-09T23:14:01.851279
419,20,4,5,23.02,2026-04-02T16:14:01.851279
420,27,1,2,425.45,2026-04-11T23:14:01.851279
421,2,1,10,461.57,2026-05-13T23:14:01.851279
422,29,1,8,234.3,2026-04-29T01:14:01.851279
423,1,4,1,205.63,2026-04-02T16:14:01.851279
424,27,1,8,167.39,2026-04-01T08:14:01.851279
425,11,5,9,124.12,2026-05-16T19:14:01.851279
426,17,1,9,200.04,2026-05-02T22:14:01.851279
427,2,5,9,229.19,2026-04-04T13:14:01.851279
428,30,4,3,320.38,2026-05-21T07:14:01.851279
429,10,1,5,156.25,2026-03-15T18:14:01.851279
430,7,5,3,37.38,2026-04-29T20:14:01.851279
431,19,1,4,228.24,2026-03-03T04:14:01.851279
432,3,3,6,420.16,2026-04-18T15:14:01.851279
433,11,1,8,167.4,2026-05-19T22:14:01.851279
434,25,3,8,184.84,2026-05-03T07:14:01.851279
435,12,3,5,239.53,2026-03-13T18:14:01.851279
436,16,2,6,336.64,2026-04-30T00:14:01.851279
437,30,4,5,412.14,2026-04-19T15:14:01.851279
438,11,3,9,249.84,2026-06-01T10:14:01.851279
439,7,3,7,386.22,2026-05-03T23:14:01.851279
440,11,2,6,441.59,2026-05-23T15:14:01.851279
441,18,4,1,474.14,2026-04-28T16:14:01.851279
442,11,2,6,273.47,2026-04-20T22:14:01.851279
443,16,2,6,376.99,2026-03-13T15:14:01.851279
444,19,3,8,362.72,2026-03-05T21:14:01.851279
445,17,2,7,248.34,2026-04-26T08:14:01.851279
446,6,3,5,127.59,2026-04-14T18:14:01.851279
447,6,4,7,58.1,2026-04-06T05:14:01.851279
448,8,5,9,322.26,2026-04-08T03:14:01.851279
449,27,4,1,224.34,2026-04-30T09:14:01.851279
450,1,1,5,460.74,2026-03-26T10:14:01.851279
451,2,4,6,259.05,2026-03-28T02:14:01.851279
452,22,1,4,386.07,2026-04-12T10:14:01.851279
453,29,4,3,445.91,2026-04-03T15:14:01.851279
454,2,4,3,317.09,2026-03-25T02:14:01.851279
455,16,4,6,390.69,2026-04-11T13:14:01.851279
456,10,3,5,435.24,2026-05-09T06:14:01.851279
457,4,1,6,214.08,2026-04-09T12:14:01.851279
458,26,4,7,172.99,2026-05-30T11:14:01.851279
459,12,2,4,251.97,2026-04-04T06:14:01.851279
460,20,4,5,39.15,2026-03-23T17:14:01.851279
461,8,5,9,122.52,2026-03-03T08:14:01.851279
462,2,5,3,266.46,2026-03-13T01:14:01.851279
463,12,1,2,245.39,2026-04-22T06:14:01.851279
464,2,4,1,237.31,2026-05-19T11:14:01.851279
465,7,4,3,63.11,2026-05-14T03:14:01.851279
466,19,4,9,324.4,2026-05-30T12:14:01.851279
467,4,1,4,153.23,2026-04-25T22:14:01.851279
468,29,3,2,478.14,2026-05-31T17:14:01.851279
469,21,4,1,454.64,2026-05-08T02:14:01.851279
470,17,5,6,324.53,2026-05-05T09:14:01.851279
471,11,5,2,159.97,2026-04-21T19:14:01.851279
472,25,5,5,450.42,2026-04-18T11:14:01.851279
473,20,3,2,222.76,2026-03-13T14:14:01.851279
474,12,3,4,204.47,2026-05-29T07:14:01.851279
475,16,3,9,314.14,2026-04-03T08:14:01.851279
476,1,2,8,477.83,2026-03-04T01:14:01.851279
477,21,1,1,325.26,2026-04-20T13:14:01.851279
478,10,1,4,452.17,2026-05-01T23:14:01.851279
479,24,3,2,48.12,2026-04-08T07:14:01.851279
480,14,3,6,384.6,2026-03-30T09:14:01.851279
481,14,4,9,147.4,2026-04-05T00:14:01.851279
482,17,3,3,290.33,2026-05-08T03:14:01.851279
483,13,2,3,462.59,2026-05-15T20:14:01.851279
484,15,4,2,251.15,2026-04-07T14:14:01.851279
485,6,5,5,427.96,2026-05-03T23:14:01.851279
486,3,2,2,300.22,2026-05-24T14:14:01.851279
487,5,3,3,29.29,2026-04-05T13:14:01.851279
488,2,4,10,114.0,2026-03-29T10:14:01.851279
489,30,1,3,347.52,2026-05-08T17:14:01.851279
490,1,2,3,23.54,2026-04-09T07:14:01.851279
491,25,1,10,56.57,2026-05-06T14:14:01.851279
492,6,5,4,354.44,2026-03-26T02:14:01.851279
493,24,4,6,487.38,2026-03-22T19:14:01.851279
494,28,4,10,311.77,2026-04-25T21:14:01.851279
495,14,3,8,203.96,2026-05-09T14:14:01.851279
496,25,2,2,411.84,2026-03-10T13:14:01.851279
497,8,4,10,83.38,2026-05-09T18:14:01.851279
498,1,4,3,477.0,2026-03-04T09:14:01.851279
499,16,2,2,224.0,2026-04-25T06:14:01.851279
500,6,5,7,124.35,2026-03-03T22:14:01.851279
501,6,4,9,113.19,2026-05-29T23:14:01.851279
502,18,4,9,38.46,2026-04-28T00:14:01.851279
503,29,3,9,22.78,2026-05-21T16:14:01.851279
504,8,5,10,28.49,2026-05-14T01:14:01.851279
505,23,3,2,267.92,2026-05-15T19:14:01.851279
506,17,5,10,238.54,2026-05-10T10:14:01.851279
507,13,1,2,14.84,2026-05-14T09:14:01.851279
508,22,1,7,93.64,2026-04-16T06:14:01.851279
509,4,4,9,243.59,2026-04-10T01:14:01.851279
510,28,4,5,258.14,2026-05-09T09:14:01.851279
511,8,5,9,495.58,2026-05-29T09:14:01.851279
512,9,1,5,345.98,2026-05-10T01:14:01.851279
513,11,3,3,305.59,2026-04-30T02:14:01.851279
514,22,5,1,172.03,2026-05-20T21:14:01.851279
515,26,3,3,383.11,2026-05-31T02:14:01.851279
516,27,2,1,471.47,2026-05-02T12:14:01.851279
517,30,2,7,370.44,2026-05-12T11:14:01.851279
518,18,3,7,391.68,2026-03-29T19:14:01.851279
519,12,4,1,393.68,2026-04-21T21:14:01.851279
520,9,4,10,370.98,2026-04-14T17:14:01.851279
521,28,3,8,347.49,2026-04-25T20:14:01.851279
522,18,1,8,38.39,2026-05-19T22:14:01.851279
523,15,2,7,362.7,2026-03-20T12:14:01.851279
524,27,3,5,301.93,2026-04-01T12:14:01.851279
525,6,1,7,253.02,2026-03-08T02:14:01.851279
526,13,2,8,341.65,2026-03-04T20:14:01.851279
527,9,4,9,457.98,2026-04-17T13:14:01.851279
528,20,2,10,406.39,2026-03-18T10:14:01.851279
529,13,5,6,50.97,2026-05-19T00:14:01.851279
530,17,2,7,126.01,2026-05-06T22:14:01.851279
531,5,5,7,51.57,2026-05-02T09:14:01.851279
532,25,5,1,237.51,2026-05-22T05:14:01.851279
533,15,5,7,460.14,2026-03-06T04:14:01.851279
534,19,2,7,72.84,2026-05-25T05:14:01.851279
535,19,5,7,23.45,2026-05-01T12:14:01.851279
536,18,4,8,80.85,2026-03-30T15:14:01.851279
537,10,3,6,482.8,2026-03-30T18:14:01.851279
538,25,3,9,213.61,2026-04-23T21:14:01.851279
539,3,4,4,226.33,2026-04-13T20:14:01.851279
540,13,5,4,459.18,2026-05-16T01:14:01.851279
541,4,5,4,35.61,2026-04-04T20:14:01.851279
542,10,1,3,226.66,2026-04-29T14:14:01.851279
543,2,2,2,113.4,2026-04-23T11:14:01.851279
544,26,5,1,245.26,2026-04-14T18:14:01.851279
545,30,4,9,128.35,2026-03-11T12:14:01.851279
546,26,1,5,298.72,2026-05-19T20:14:01.851279
547,14,3,6,429.13,2026-03-05T07:14:01.851279
548,24,3,10,39.03,2026-03-03T04:14:01.851279
549,13,2,2,318.12,2026-03-13T19:14:01.851279
550,29,1,4,104.2,2026-03-27T17:14:01.851279
551,10,1,10,476.71,2026-03-11T11:14:01.851279
552,12,3,10,150.17,2026-05-20T13:14:01.851279
553,16,2,9,118.7,2026-03-16T00:14:01.851279
554,19,3,10,226.34,2026-04-28T23:14:01.851279
555,8,2,5,236.81,2026-03-20T01:14:01.851279
556,1,2,5,95.87,2026-05-06T18:14:01.851279
557,20,1,7,198.33,2026-05-20T10:14:01.851279
558,4,3,3,308.96,2026-04-06T21:14:01.851279
559,14,5,6,259.18,2026-03-11T19:14:01.851279
560,3,4,4,473.4,2026-04-30T15:14:01.851279
561,19,2,8,316.55,2026-05-16T13:14:01.851279
562,17,3,4,346.92,2026-03-05T10:14:01.851279
563,9,1,5,85.64,2026-03-23T18:14:01.851279
564,5,1,4,354.23,2026-04-11T02:14:01.851279
565,10,3,1,400.87,2026-03-04T22:14:01.851279
566,5,2,9,63.36,2026-04-19T06:14:01.851279
567,26,1,4,145.98,2026-05-02T21:14:01.851279
568,27,2,8,179.75,2026-05-03T12:14:01.851279
569,29,4,2,228.56,2026-04-21T18:14:01.851279
570,6,3,2,246.43,2026-05-20T12:14:01.851279
571,15,5,4,114.95,2026-05-02T07:14:01.851279
572,10,3,5,262.22,2026-04-02T19:14:01.851279
573,14,4,4,13.41,2026-04-09T09:14:01.851279
574,14,3,4,267.8,2026-04-03T15:14:01.851279
575,13,3,2,456.59,2026-04-21T05:14:01.851279
576,1,2,5,406.31,2026-04-03T19:14:01.851279
577,30,1,8,236.24,2026-05-16T04:14:01.851279
578,7,4,8,275.88,2026-04-29T22:14:01.851279
579,12,5,4,86.27,2026-04-25T00:14:01.851279
580,15,2,7,359.17,2026-03-31T14:14:01.851279
581,1,5,5,224.25,2026-05-02T05:14:01.851279
582,18,3,10,141.17,2026-05-31T18:14:01.851279
583,19,2,4,366.46,2026-04-24T12:14:01.851279
584,29,3,9,356.68,2026-05-20T08:14:01.851279
585,25,4,3,421.21,2026-06-01T00:14:01.851279
586,22,2,6,92.48,2026-03-05T22:14:01.851279
587,16,4,9,443.65,2026-04-17T12:14:01.851279
588,19,2,10,278.3,2026-04-17T07:14:01.851279
589,28,1,7,409.06,2026-05-30T19:14:01.851279
590,18,4,10,455.05,2026-03-31T18:14:01.851279
591,9,2,1,99.19,2026-03-15T04:14:01.851279
592,1,4,10,74.61,2026-03-15T14:14:01.851279
593,26,3,1,462.55,2026-05-20T09:14:01.851279
594,11,1,5,105.58,2026-04-05T13:14:01.851279
595,13,4,6,110.51,2026-04-06T06:14:01.851279
596,22,2,5,285.23,2026-04-10T20:14:01.851279
597,18,3,2,113.57,2026-03-15T11:14:01.851279
598,4,4,7,186.76,2026-03-29T05:14:01.851279
599,10,2,5,186.17,2026-03-18T09:14:01.851279
600,3,2,7,211.26,2026-04-11T03:14:01.851279
601,14,3,3,183.84,2026-05-13T21:14:01.851279
602,30,3,3,145.71,2026-03-31T11:14:01.851279
603,25,5,9,249.28,2026-03-08T18:14:01.851279
604,15,2,7,75.17,2026-03-19T02:14:01.851279
605,7,4,6,62.91,2026-03-14T17:14:01.851279
606,3,1,8,343.87,2026-05-30T09:14:01.851279
607,13,3,2,434.31,2026-04-26T21:14:01.851279
608,3,3,10,149.01,2026-05-08T01:14:01.851279
609,11,1,10,282.3,2026-04-16T03:14:01.851279
610,20,4,7,431.23,2026-03-15T11:14:01.851279
611,10,5,2,303.88,2026-03-25T10:14:01.851279
612,18,2,4,180.83,2026-03-23T04:14:01.851279
613,14,4,7,356.4,2026-03-30T18:14:01.851279
614,24,1,2,79.98,2026-04-25T15:14:01.851279
615,9,4,5,412.92,2026-03-19T05:14:01.851279
616,1,2,1,62.38,2026-03-20T10:14:01.851279
617,1,5,9,485.83,2026-04-03T11:14:01.851279
618,6,5,8,187.31,2026-03-06T00:14:01.851279
619,18,4,5,76.49,2026-04-02T23:14:01.851279
620,26,5,8,346.53,2026-03-18T11:14:01.851279
621,2,4,1,68.0,2026-03-21T15:14:01.851279
622,8,3,10,32.29,2026-05-08T00:14:01.851279
623,12,2,1,379.86,2026-05-21T13:14:01.851279
624,23,5,3,457.67,2026-05-25T15:14:01.851279
625,2,3,2,472.24,2026-03-17T15:14:01.851279
626,26,2,4,495.09,2026-05-17T10:14:01.851279
627,4,3,6,388.77,2026-04-01T04:14:01.851279
628,22,3,3,148.0,2026-03-18T12:14:01.851279
629,18,3,4,482.53,2026-03-14T07:14:01.851279
630,6,1,2,374.86,2026-04-11T01:14:01.851279
631,13,1,9,328.53,2026-04-11T06:14:01.851279
632,12,4,4,314.48,2026-05-26T08:14:01.851279
633,10,2,7,240.14,2026-05-31T04:14:01.851279
634,2,3,8,242.74,2026-03-31T04:14:01.851279
635,28,5,1,52.76,2026-03-21T23:14:01.851279
636,28,1,2,402.25,2026-03-14T09:14:01.851279
637,5,4,9,487.69,2026-05-13T03:14:01.851279
638,6,2,10,177.54,2026-04-17T06:14:01.851279
639,3,3,6,380.13,2026-04-18T15:14:01.851279
640,27,3,6,56.58,2026-05-12T05:14:01.851279
641,17,2,5,358.69,2026-05-03T02:14:01.851279
642,28,1,3,249.98,2026-04-10T01:14:01.851279
643,20,3,6,365.05,2026-04-09T07:14:01.851279
644,7,4,2,280.64,2026-05-02T13:14:01.851279
645,3,2,6,484.5,2026-03-11T12:14:01.851279
646,24,2,1,15.09,2026-04-14T18:14:01.851279
647,22,5,6,181.46,2026-05-29T19:14:01.851279
648,12,5,8,295.8,2026-05-18T17:14:01.851279
649,5,4,9,228.66,2026-03-31T01:14:01.851279
650,29,4,1,200.66,2026-03-15T08:14:01.851279
651,23,4,4,412.78,2026-05-15T03:14:01.851279
652,15,5,9,270.42,2026-05-09T00:14:01.851279
653,23,2,4,435.3,2026-04-29T14:14:01.851279
654,30,5,7,52.87,2026-03-25T23:14:01.851279
655,8,2,3,469.41,2026-05-05T09:14:01.851279
656,6,3,2,305.03,2026-03-07T17:14:01.851279
657,8,5,2,229.32,2026-04-30T14:14:01.851279
658,26,3,2,43.55,2026-05-31T23:14:01.851279
659,15,3,5,359.79,2026-04-28T00:14:01.851279
660,19,3,10,443.79,2026-03-26T11:14:01.851279
661,9,1,8,12.44,2026-04-17T14:14:01.851279
662,1,3,7,256.46,2026-04-16T06:14:01.851279
663,17,1,6,103.08,2026-05-04T16:14:01.851279
664,28,1,9,86.59,2026-05-03T01:14:01.851279
665,3,2,5,281.79,2026-05-28T22:14:01.851279
666,29,3,1,13.91,2026-05-10T14:14:01.851279
667,3,1,7,325.12,2026-05-08T00:14:01.851279
668,8,3,4,156.17,2026-03-24T09:14:01.851279
669,8,1,1,44.04,2026-05-18T01:14:01.851279
670,23,1,4,457.04,2026-03-17T12:14:01.851279
671,19,3,6,201.12,2026-04-15T00:14:01.851279
672,16,1,1,29.33,2026-04-07T10:14:01.851279
673,12,2,5,107.38,2026-04-26T10:14:01.851279
674,18,4,8,117.31,2026-03-05T16:14:01.851279
675,1,3,6,71.05,2026-03-18T14:14:01.851279
676,4,3,10,161.93,2026-05-11T13:14:01.851279
677,17,2,2,132.76,2026-04-19T23:14:01.851279
678,11,4,4,487.44,2026-04-04T21:14:01.851279
679,13,2,1,242.66,2026-05-10T16:14:01.851279
680,24,3,4,52.82,2026-03-09T19:14:01.851279
681,20,1,2,37.86,2026-05-11T04:14:01.851279
682,17,1,9,426.21,2026-03-03T18:14:01.851279
683,6,1,6,180.85,2026-03-19T06:14:01.851279
684,16,4,3,210.31,2026-04-19T22:14:01.851279
685,9,2,1,380.04,2026-05-10T05:14:01.851279
686,24,1,7,197.79,2026-04-23T04:14:01.851279
687,1,2,8,224.21,2026-03-21T22:14:01.851279
688,4,5,8,371.22,2026-04-22T15:14:01.851279
689,26,3,3,247.01,2026-05-03T17:14:01.851279
690,9,5,10,313.05,2026-04-17T05:14:01.851279
691,26,1,2,295.44,2026-03-07T19:14:01.851279
692,19,4,6,486.02,2026-04-03T10:14:01.851279
693,5,3,1,214.16,2026-05-01T14:14:01.851279
694,19,3,10,357.6,2026-05-10T08:14:01.851279
695,20,2,1,341.35,2026-03-08T19:14:01.851279
696,4,1,9,443.12,2026-03-09T10:14:01.851279
697,24,5,6,371.19,2026-03-07T01:14:01.851279
698,18,2,6,406.82,2026-03-03T13:14:01.851279
699,6,5,7,488.49,2026-04-28T20:14:01.851279
700,19,3,10,160.41,2026-04-15T18:14:01.851279
701,27,4,3,227.9,2026-04-24T02:14:01.851279
702,27,3,7,408.19,2026-03-14T08:14:01.851279
703,22,2,5,41.58,2026-05-24T20:14:01.851279
704,23,5,4,479.49,2026-03-19T16:14:01.851279
705,13,2,9,328.54,2026-05-23T08:14:01.851279
706,21,4,6,335.28,2026-03-26T10:14:01.851279
707,4,4,6,23.43,2026-05-16T06:14:01.851279
708,27,3,7,170.76,2026-04-27T07:14:01.851279
709,11,5,7,216.2,2026-05-03T05:14:01.851279
710,16,1,10,57.85,2026-04-07T16:14:01.851279
711,18,3,8,461.23,2026-03-21T00:14:01.851279
712,11,5,10,69.18,2026-03-20T08:14:01.851279
713,14,5,1,366.51,2026-03-04T15:14:01.851279
714,11,2,5,136.06,2026-03-20T14:14:01.851279
715,4,4,3,19.28,2026-03-31T16:14:01.851279
716,16,4,3,259.44,2026-04-07T22:14:01.851279
717,14,1,10,130.83,2026-04-05T23:14:01.851279
718,13,4,7,257.16,2026-05-01T08:14:01.851279
719,26,4,8,218.49,2026-03-25T21:14:01.851279
720,8,3,9,265.56,2026-05-01T16:14:01.851279
721,30,2,6,499.03,2026-05-09T19:14:01.851279
722,11,1,8,226.63,2026-05-26T13:14:01.851279
723,13,3,7,301.2,2026-03-04T18:14:01.851279
724,23,3,3,403.17,2026-03-28T10:14:01.851279
725,28,3,2,243.35,2026-05-06T09:14:01.851279
726,21,4,7,408.96,2026-03-17T20:14:01.851279
727,28,1,2,36.27,2026-03-04T15:14:01.851279
728,12,4,7,457.51,2026-04-14T10:14:01.851279
729,20,3,5,139.09,2026-05-14T02:14:01.851279
730,13,1,6,183.9,2026-05-11T00:14:01.851279
731,2,1,3,239.29,2026-04-05T01:14:01.851279
732,6,5,5,186.01,2026-04-12T16:14:01.851279
733,29,4,5,196.32,2026-05-02T22:14:01.851279
734,21,4,4,325.17,2026-04-14T22:14:01.851279
735,30,5,1,87.98,2026-05-24T02:14:01.851279
736,28,4,6,32.35,2026-03-30T18:14:01.851279
737,12,2,3,392.28,2026-05-24T02:14:01.851279
738,21,2,10,226.47,2026-03-30T21:14:01.851279
739,20,3,7,177.44,2026-05-19T18:14:01.851279
740,27,5,7,329.53,2026-04-12T06:14:01.851279
741,30,1,4,251.88,2026-03-16T09:14:01.851279
742,21,3,7,68.97,2026-05-12T01:14:01.851279
743,7,2,10,221.71,2026-04-28T08:14:01.851279
744,4,2,7,46.76,2026-03-21T23:14:01.851279
745,24,4,1,285.26,2026-05-04T02:14:01.851279
746,15,1,2,53.03,2026-03-05T09:14:01.851279
747,21,1,7,215.91,2026-03-13T10:14:01.851279
748,23,2,1,400.89,2026-03-07T00:14:01.851279
749,8,3,7,93.72,2026-03-21T06:14:01.851279
750,8,4,9,118.44,2026-03-10T12:14:01.851279
751,7,2,3,16.97,2026-03-23T20:14:01.851279
752,22,5,10,328.38,2026-03-30T09:14:01.851279
753,22,4,4,43.92,2026-03-25T20:14:01.851279
754,18,1,7,468.64,2026-03-22T05:14:01.851279
755,8,3,8,121.13,2026-05-24T17:14:01.851279
756,19,3,8,321.17,2026-03-03T21:14:01.851279
757,13,1,4,195.49,2026-03-30T05:14:01.851279
758,4,4,3,116.67,2026-04-24T13:14:01.851279
759,26,5,9,492.8,2026-05-21T21:14:01.851279
760,24,1,6,21.61,2026-03-06T06:14:01.851279
761,8,5,6,399.21,2026-03-26T15:14:01.851279
762,22,1,5,432.69,2026-03-30T14:14:01.851279
763,18,3,4,132.2,2026-05-21T06:14:01.851279
764,20,3,9,446.34,2026-05-10T11:14:01.851279
765,15,5,4,324.06,2026-04-23T03:14:01.851279
766,15,4,4,407.11,2026-05-25T03:14:01.851279
767,26,5,8,20.47,2026-05-25T00:14:01.851279
768,2,1,9,59.34,2026-04-18T04:14:01.851279
769,17,4,10,370.91,2026-03-09T12:14:01.851279
770,9,4,10,454.73,2026-05-15T07:14:01.851279
771,13,1,10,452.2,2026-03-30T21:14:01.851279
772,26,1,3,442.35,2026-03-15T04:14:01.851279
773,20,1,10,322.98,2026-05-06T20:14:01.851279
774,4,4,2,382.74,2026-03-30T04:14:01.851279
775,10,5,10,43.64,2026-04-18T16:14:01.851279
776,2,1,5,44.36,2026-05-17T03:14:01.851279
777,2,3,7,254.19,2026-03-26T19:14:01.851279
778,26,1,8,131.42,2026-04-06T03:14:01.851279
779,27,1,3,306.01,2026-03-27T22:14:01.851279
780,7,5,5,335.0,2026-04-18T20:14:01.851279
781,27,5,6,54.16,2026-04-20T23:14:01.851279
782,24,5,1,486.49,2026-03-29T13:14:01.851279
783,9,2,9,40.58,2026-03-09T06:14:01.851279
784,22,1,9,466.53,2026-04-06T19:14:01.851279
785,25,5,6,320.27,2026-03-04T05:14:01.851279
786,1,3,10,402.12,2026-03-26T17:14:01.851279
787,12,4,9,158.79,2026-03-23T23:14:01.851279
788,27,3,2,462.66,2026-04-09T13:14:01.851279
789,5,5,7,427.4,2026-05-02T14:14:01.851279
790,10,1,5,442.3,2026-04-13T05:14:01.851279
791,27,3,10,267.88,2026-03-11T07:14:01.851279
792,19,5,6,122.36,2026-05-19T07:14:01.851279
793,8,2,1,427.74,2026-04-09T08:14:01.851279
794,15,2,6,266.7,2026-04-01T16:14:01.851279
795,4,5,8,48.35,2026-05-01T16:14:01.851279
796,23,5,3,198.96,2026-04-19T06:14:01.851279
797,24,4,4,286.0,2026-05-23T08:14:01.851279
798,2,5,5,499.85,2026-04-28T00:14:01.851279
799,26,5,6,371.94,2026-05-13T17:14:01.851279
800,25,3,5,466.67,2026-04-03T05:14:01.851279
801,26,1,2,224.26,2026-03-21T16:14:01.851279
802,12,3,9,450.64,2026-04-05T15:14:01.851279
803,16,5,1,138.32,2026-05-19T12:14:01.851279
804,14,5,5,407.29,2026-03-21T09:14:01.851279
805,6,3,1,182.1,2026-04-27T21:14:01.851279
806,13,3,9,25.91,2026-04-15T17:14:01.851279
807,16,1,5,326.09,2026-03-22T15:14:01.851279
808,28,3,7,329.76,2026-04-08T08:14:01.851279
809,5,5,9,66.22,2026-05-13T21:14:01.851279
810,11,2,1,413.56,2026-05-04T14:14:01.851279
811,30,5,8,135.93,2026-03-15T05:14:01.851279
812,27,5,6,116.96,2026-03-11T12:14:01.851279
813,25,2,5,258.78,2026-05-06T11:14:01.851279
814,11,3,1,62.39,2026-04-21T21:14:01.851279
815,16,4,2,216.63,2026-05-16T04:14:01.851279
816,18,3,6,44.3,2026-04-26T04:14:01.851279
817,15,2,7,152.75,2026-05-22T20:14:01.851279
818,11,1,9,47.63,2026-04-01T15:14:01.851279
819,1,4,2,180.88,2026-05-30T20:14:01.851279
820,4,4,2,236.1,2026-04-01T18:14:01.851279
821,13,2,4,29.48,2026-04-05T13:14:01.851279
822,22,3,2,116.73,2026-04-11T18:14:01.851279
823,22,5,9,169.16,2026-03-21T01:14:01.851279
824,9,1,3,30.92,2026-05-16T16:14:01.851279
825,26,4,7,277.38,2026-04-11T16:14:01.851279
826,5,1,6,384.19,2026-03-30T14:14:01.851279
827,17,1,2,270.0,2026-03-03T11:14:01.851279
828,27,4,2,463.06,2026-03-11T08:14:01.851279
829,26,1,7,90.12,2026-05-01T14:14:01.851279
830,20,5,8,196.5,2026-03-12T06:14:01.851279
831,11,5,1,375.73,2026-05-20T17:14:01.851279
832,10,1,9,384.21,2026-03-17T22:14:01.851279
833,20,4,2,411.35,2026-03-27T06:14:01.851279
834,18,1,1,436.77,2026-03-13T09:14:01.851279
835,7,1,6,216.37,2026-05-11T07:14:01.851279
836,21,1,3,11.37,2026-04-26T12:14:01.851279
837,30,1,8,431.09,2026-03-03T16:14:01.851279
838,19,2,1,148.04,2026-05-10T03:14:01.851279
839,19,1,9,174.3,2026-05-31T20:14:01.851279
840,30,1,8,266.52,2026-03-19T20:14:01.851279
841,29,1,7,470.83,2026-04-03T01:14:01.851279
842,9,1,5,438.15,2026-03-18T02:14:01.851279
843,24,4,9,278.39,2026-04-05T14:14:01.851279
844,3,5,3,454.05,2026-05-08T22:14:01.851279
845,13,1,5,402.35,2026-04-05T21:14:01.851279
846,19,3,2,356.97,2026-04-22T11:14:01.851279
847,22,1,9,133.85,2026-03-09T14:14:01.851279
848,15,2,2,265.91,2026-05-05T23:14:01.851279
849,14,3,9,304.23,2026-03-15T10:14:01.851279
850,11,1,9,422.12,2026-04-12T03:14:01.851279
851,13,1,8,383.25,2026-05-19T13:14:01.851279
852,8,2,7,306.18,2026-03-21T19:14:01.851279
853,21,2,5,301.66,2026-03-26T11:14:01.851279
854,15,3,4,208.89,2026-04-15T17:14:01.851279
855,27,5,4,336.26,2026-03-07T15:14:01.851279
856,9,1,1,472.03,2026-04-17T18:14:01.851279
857,24,1,9,258.87,2026-04-19T05:14:01.851279
858,14,1,7,355.56,2026-04-01T14:14:01.851279
859,30,5,2,257.6,2026-04-04T22:14:01.851279
860,4,2,4,46.72,2026-05-14T01:14:01.851279
861,10,3,3,119.74,2026-04-13T11:14:01.851279
862,8,5,6,368.28,2026-04-26T05:14:01.851279
863,28,1,3,455.88,2026-03-31T23:14:01.851279
864,30,5,6,277.83,2026-04-10T02:14:01.851279
865,13,4,2,85.42,2026-05-16T23:14:01.851279
866,26,2,7,75.86,2026-04-30T20:14:01.851279
867,30,2,4,39.35,2026-05-27T02:14:01.851279
868,11,5,5,482.48,2026-04-16T03:14:01.851279
869,8,1,7,355.97,2026-03-06T14:14:01.851279
870,26,4,6,293.3,2026-05-28T09:14:01.851279
871,17,3,6,320.19,2026-04-15T01:14:01.851279
872,9,1,3,140.99,2026-04-27T22:14:01.851279
873,5,4,9,312.07,2026-03-08T15:14:01.851279
874,26,2,5,255.62,2026-04-27T20:14:01.851279
875,25,5,10,102.59,2026-03-09T09:14:01.851279
876,14,2,6,17.99,2026-04-25T13:14:01.851279
877,18,1,2,71.27,2026-05-29T09:14:01.851279
878,6,1,1,483.77,2026-04-15T00:14:01.851279
879,2,2,8,336.27,2026-04-05T21:14:01.851279
880,13,5,6,403.62,2026-05-09T10:14:01.851279
881,10,2,4,198.06,2026-03-30T05:14:01.851279
882,6,2,3,452.09,2026-03-18T07:14:01.851279
883,26,5,4,398.49,2026-04-06T02:14:01.851279
884,26,2,5,279.04,2026-05-28T03:14:01.851279
885,1,5,9,20.54,2026-03-11T09:14:01.851279
886,20,2,2,469.94,2026-03-21T18:14:01.851279
887,26,3,2,200.67,2026-04-23T00:14:01.851279
888,25,4,5,483.25,2026-04-25T05:14:01.851279
889,11,5,3,280.06,2026-06-01T07:14:01.851279
890,10,2,10,205.78,2026-05-21T05:14:01.851279
891,30,5,7,29.4,2026-04-19T23:14:01.851279
892,7,1,10,455.58,2026-03-27T14:14:01.851279
893,4,5,9,61.63,2026-04-30T19:14:01.851279
894,5,1,8,244.76,2026-05-21T13:14:01.851279
895,19,1,9,100.45,2026-06-01T08:14:01.851279
896,12,5,4,339.23,2026-03-22T03:14:01.851279
897,9,4,2,431.38,2026-03-26T23:14:01.851279
898,19,1,8,364.31,2026-05-28T19:14:01.851279
899,4,4,8,160.99,2026-04-11T09:14:01.851279
900,15,5,5,311.21,2026-04-13T15:14:01.851279
901,14,1,10,495.04,2026-04-30T05:14:01.851279
902,5,4,10,187.23,2026-03-18T09:14:01.851279
903,15,1,2,301.1,2026-03-20T23:14:01.851279
904,4,1,8,281.47,2026-04-26T01:14:01.851279
905,27,4,1,345.31,2026-04-20T13:14:01.851279
906,26,5,8,379.65,2026-05-05T06:14:01.851279
907,29,1,9,133.65,2026-03-16T19:14:01.851279
908,13,5,9,370.06,2026-03-08T14:14:01.851279
909,8,5,1,96.29,2026-05-25T08:14:01.851279
910,15,1,8,183.89,2026-03-30T12:14:01.851279
911,27,2,5,463.52,2026-05-03T03:14:01.851279
912,27,5,8,60.02,2026-05-02T03:14:01.851279
913,29,1,2,309.91,2026-05-28T18:14:01.851279
914,4,4,5,447.93,2026-03-20T03:14:01.851279
915,11,1,10,273.04,2026-05-29T13:14:01.851279
916,27,3,6,428.51,2026-03-29T13:14:01.851279
917,23,5,10,321.22,2026-03-07T09:14:01.851279
918,26,5,7,459.71,2026-03-15T07:14:01.851279
919,10,2,8,383.05,2026-04-18T13:14:01.851279
920,21,5,6,429.85,2026-03-11T11:14:01.851279
921,17,1,7,39.64,2026-05-17T11:14:01.851279
922,17,3,3,323.49,2026-04-22T23:14:01.851279
923,8,1,10,423.78,2026-05-06T14:14:01.851279
924,15,4,5,271.12,2026-05-01T11:14:01.851279
925,13,3,1,408.11,2026-05-27T01:14:01.851279
926,20,4,8,113.15,2026-03-30T07:14:01.851279
927,6,1,3,247.55,2026-03-08T20:14:01.851279
928,8,2,10,95.35,2026-05-09T00:14:01.851279
929,29,1,1,391.65,2026-04-03T14:14:01.851279
930,27,3,10,394.79,2026-03-04T12:14:01.851279
931,17,5,3,446.83,2026-03-17T06:14:01.851279
932,23,5,2,48.06,2026-05-03T15:14:01.851279
933,7,1,3,73.9,2026-05-02T00:14:01.851279
934,4,3,5,69.38,2026-04-09T06:14:01.851279
935,14,5,8,56.07,2026-05-07T17:14:01.851279
936,20,4,8,319.25,2026-05-24T10:14:01.851279
937,21,1,4,448.14,2026-03-08T05:14:01.851279
938,9,1,9,464.93,2026-03-17T20:14:01.851279
939,16,5,9,244.61,2026-05-20T11:14:01.851279
940,14,4,5,306.67,2026-03-25T11:14:01.851279
941,14,2,3,200.83,2026-04-14T11:14:01.851279
942,19,5,9,67.85,2026-04-05T08:14:01.851279
943,12,4,4,75.28,2026-03-09T02:14:01.851279
944,24,2,9,23.48,2026-03-13T18:14:01.851279
945,12,4,1,82.71,2026-04-14T15:14:01.851279
946,26,4,9,233.69,2026-05-20T00:14:01.851279
947,4,5,7,191.57,2026-04-02T23:14:01.851279
948,23,5,10,452.96,2026-04-07T02:14:01.851279
949,19,2,6,379.99,2026-04-13T17:14:01.851279
950,28,5,2,398.6,2026-03-20T00:14:01.851279
951,14,4,5,471.31,2026-05-08T12:14:01.851279
952,22,3,7,247.5,2026-05-08T18:14:01.851279
953,25,3,2,227.2,2026-04-02T08:14:01.851279
954,20,3,7,157.05,2026-05-20T03:14:01.851279
955,25,3,4,333.44,2026-05-03T02:14:01.851279
956,5,4,5,279.28,2026-05-27T13:14:01.851279
957,14,3,4,450.14,2026-03-19T01:14:01.851279
958,25,4,8,232.04,2026-05-30T14:14:01.851279
959,3,5,3,429.15,2026-03-12T20:14:01.851279
960,25,3,6,430.98,2026-06-01T10:14:01.851279
961,23,5,7,489.46,2026-03-28T18:14:01.851279
962,27,1,6,355.9,2026-03-20T17:14:01.851279
963,7,4,2,103.22,2026-05-11T05:14:01.851279
964,27,5,1,219.83,2026-04-08T09:14:01.851279
965,1,1,1,171.82,2026-04-08T19:14:01.851279
966,3,2,9,406.11,2026-03-03T22:14:01.851279
967,23,1,5,85.36,2026-05-12T13:14:01.851279
968,13,1,4,341.91,2026-03-28T03:14:01.851279
969,15,5,1,412.58,2026-05-29T16:14:01.851279
970,2,1,3,57.46,2026-03-04T11:14:01.851279
971,9,1,4,269.62,2026-05-26T19:14:01.851279
972,22,3,8,247.18,2026-04-26T04:14:01.851279
973,8,2,3,352.4,2026-05-15T15:14:01.851279
974,21,5,10,156.87,2026-04-30T22:14:01.851279
975,24,2,2,489.05,2026-05-09T02:14:01.851279
976,10,4,8,14.93,2026-05-04T15:14:01.851279
977,7,4,10,392.0,2026-03-25T15:14:01.851279
978,29,5,4,14.67,2026-04-19T05:14:01.851279
979,26,3,9,368.63,2026-04-26T18:14:01.851279
980,25,3,4,301.28,2026-03-10T10:14:01.851279
981,28,4,8,130.0,2026-05-09T10:14:01.851279
982,10,1,9,432.86,2026-05-09T17:14:01.851279
983,24,3,3,10.64,2026-03-09T09:14:01.851279
984,20,3,10,321.55,2026-05-21T12:14:01.851279
985,20,5,10,236.4,2026-04-23T00:14:01.851279
986,12,1,9,439.86,2026-04-23T23:14:01.851279
987,15,3,8,138.77,2026-04-17T04:14:01.851279
988,22,3,5,420.11,2026-03-11T07:14:01.851279
989,16,3,8,429.78,2026-04-20T18:14:01.851279
990,21,3,3,165.03,2026-05-29T20:14:01.851279
991,2,2,3,173.23,2026-03-30T13:14:01.851279
992,26,1,7,166.57,2026-03-18T10:14:01.851279
993,14,3,4,129.9,2026-05-01T15:14:01.851279
994,7,2,1,137.11,2026-03-09T04:14:01.851279
995,4,5,5,396.36,2026-05-31T15:14:01.851279
996,2,2,9,164.28,2026-04-13T11:14:01.851279
997,12,3,7,428.04,2026-04-07T19:14:01.851279
998,1,3,7,398.79,2026-05-07T13:14:01.851279
999,11,5,1,378.7,2026-04-25T02:14:01.851279
1000,25,5,4,69.22,2026-03-26T00:14:01.851279
1001,3,3,9,45.13,2026-03-13T18:14:01.851279
1002,27,2,4,371.8,2026-04-07T17:14:01.851279
1003,20,1,9,40.91,2026-03-25T13:14:01.851279
1004,5,5,3,239.82,2026-04-28T09:14:01.851279
1005,14,4,7,251.69,2026-05-01T19:14:01.851279
1006,4,4,6,240.55,2026-05-09T19:14:01.851279
1007,9,3,2,256.16,2026-05-07T18:14:01.851279
1008,27,2,7,333.52,2026-04-15T08:14:01.851279
1009,14,2,3,102.96,2026-03-26T14:14:01.851279
1010,1,1,8,239.04,2026-05-20T22:14:01.851279
1011,18,3,3,317.96,2026-04-29T08:14:01.851279
1012,8,1,1,96.29,2026-04-07T19:14:01.851279
1013,20,3,8,459.67,2026-04-19T14:14:01.851279
1014,6,1,4,145.94,2026-05-24T12:14:01.851279
1015,10,5,9,25.43,2026-03-24T17:14:01.851279
1016,27,1,6,316.57,2026-04-11T08:14:01.851279
1017,11,1,8,289.88,2026-03-19T16:14:01.851279
1018,20,2,10,261.91,2026-03-27T10:14:01.851279
1019,18,2,6,479.9,2026-03-11T19:14:01.851279
1020,17,5,6,169.22,2026-04-24T03:14:01.851279
1021,9,5,4,10.02,2026-03-13T18:14:01.851279
1022,5,2,5,495.48,2026-04-09T14:14:01.851279
1023,5,3,1,55.26,2026-05-03T14:14:01.851279
1024,30,5,1,247.53,2026-05-27T23:14:01.851279
1025,15,2,2,55.31,2026-05-04T10:14:01.851279
1026,10,5,4,180.1,2026-03-29T18:14:01.851279
1027,7,3,4,219.04,2026-05-13T23:14:01.851279
1028,5,5,10,10.35,2026-03-25T00:14:01.851279
1029,9,4,7,386.41,2026-03-10T12:14:01.851279
1030,18,3,6,221.19,2026-05-17T11:14:01.851279
1031,26,5,4,92.59,2026-05-21T10:14:01.851279
1032,2,4,9,401.68,2026-05-05T11:14:01.851279
1033,1,3,1,484.12,2026-03-29T20:14:01.851279
1034,4,3,9,232.67,2026-05-31T21:14:01.851279
1035,28,1,7,175.42,2026-04-01T19:14:01.851279
1036,26,2,10,448.18,2026-04-16T17:14:01.851279
1037,26,4,7,130.96,2026-04-07T00:14:01.851279
1038,3,5,3,33.95,2026-03-18T09:14:01.851279
1039,19,1,1,40.99,2026-04-02T02:14:01.851279
1040,18,3,1,164.37,2026-05-01T11:14:01.851279
1041,28,4,3,136.67,2026-03-25T09:14:01.851279
1042,6,3,3,240.02,2026-05-06T09:14:01.851279
1043,27,5,3,136.48,2026-05-13T23:14:01.851279
1044,12,4,1,408.07,2026-05-28T12:14:01.851279
1045,12,5,2,364.17,2026-03-14T09:14:01.851279
1046,1,3,9,397.56,2026-03-15T12:14:01.851279
1047,22,1,7,199.19,2026-05-31T22:14:01.851279
1048,25,2,9,485.94,2026-03-17T06:14:01.851279
1049,15,4,5,488.35,2026-04-01T15:14:01.851279
1050,8,3,7,140.3,2026-03-13T02:14:01.851279
1051,13,4,4,457.47,2026-04-10T01:14:01.851279
1052,16,2,9,363.52,2026-04-07T00:14:01.851279
1053,18,1,3,68.57,2026-05-30T12:14:01.851279
1054,9,1,7,190.26,2026-03-04T07:14:01.851279
1055,8,1,9,278.33,2026-04-02T16:14:01.851279
1056,13,5,2,157.84,2026-05-16T09:14:01.851279
1057,25,2,3,239.19,2026-04-28T15:14:01.851279
1058,10,1,3,153.23,2026-04-15T10:14:01.851279
1059,28,1,8,390.08,2026-04-10T11:14:01.851279
1060,10,3,9,26.57,2026-03-16T05:14:01.851279
1061,14,3,5,424.62,2026-04-22T17:14:01.851279
1062,11,1,2,125.23,2026-05-07T15:14:01.851279
1063,14,3,5,435.76,2026-05-12T17:14:01.851279
1064,27,4,10,213.64,2026-04-25T21:14:01.851279
1065,12,3,1,252.84,2026-04-26T09:14:01.851279
1066,19,2,6,423.94,2026-03-22T14:14:01.851279
1067,5,4,8,228.93,2026-03-30T03:14:01.851279
1068,28,4,3,27.98,2026-03-24T11:14:01.851279
1069,26,5,9,301.31,2026-04-10T05:14:01.851279
1070,12,4,3,375.0,2026-04-26T08:14:01.851279
1071,16,5,1,493.7,2026-04-22T01:14:01.851279
1072,26,1,10,128.73,2026-05-27T19:14:01.851279
1073,12,5,5,61.74,2026-03-02T20:14:01.851279
1074,30,1,3,22.77,2026-04-16T22:14:01.851279
1075,30,1,3,156.66,2026-04-30T05:14:01.851279
1076,2,3,10,300.42,2026-05-01T07:14:01.851279
1077,19,1,8,408.89,2026-03-07T16:14:01.851279
1078,10,5,2,302.93,2026-05-29T13:14:01.851279
1079,5,3,5,401.48,2026-05-22T09:14:01.851279
1080,15,1,2,390.43,2026-05-19T16:14:01.851279
1081,8,1,4,173.47,2026-04-03T04:14:01.851279
1082,6,2,1,48.92,2026-05-20T02:14:01.851279
1083,25,5,7,61.87,2026-05-13T16:14:01.851279
1084,16,3,3,338.71,2026-05-27T09:14:01.851279
1085,30,3,9,15.78,2026-05-25T18:14:01.851279
1086,19,2,8,227.6,2026-03-02T21:14:01.851279
1087,7,4,2,446.03,2026-04-01T06:14:01.851279
1088,19,2,6,490.51,2026-05-07T16:14:01.851279
1089,21,4,2,98.57,2026-05-25T22:14:01.851279
1090,26,2,4,306.68,2026-05-31T19:14:01.851279
1091,15,2,8,55.22,2026-03-04T01:14:01.851279
1092,22,4,1,346.79,2026-03-18T03:14:01.851279
1093,18,2,5,134.8,2026-03-28T14:14:01.851279
1094,6,3,10,47.5,2026-05-03T01:14:01.851279
1095,12,1,9,20.52,2026-04-04T00:14:01.851279
1096,18,2,4,439.9,2026-04-04T05:14:01.851279
1097,7,3,4,168.32,2026-05-21T17:14:01.851279
1098,13,4,9,159.85,2026-05-21T17:14:01.851279
1099,9,4,10,440.86,2026-05-28T15:14:01.851279
1100,14,5,1,185.85,2026-04-19T21:14:01.851279
1101,3,1,1,262.26,2026-03-09T21:14:01.851279
1102,8,5,2,128.97,2026-03-17T07:14:01.851279
1103,1,5,6,353.29,2026-05-23T23:14:01.851279
1104,28,1,2,377.06,2026-04-12T09:14:01.851279
1105,19,5,2,157.35,2026-04-24T02:14:01.851279
1106,3,2,1,127.88,2026-05-21T08:14:01.851279
1107,13,4,8,393.58,2026-03-26T07:14:01.851279
1108,16,3,2,65.14,2026-03-12T20:14:01.851279
1109,30,3,5,384.36,2026-04-23T02:14:01.851279
1110,28,2,2,133.99,2026-05-15T12:14:01.851279
1111,28,4,4,492.24,2026-05-01T14:14:01.851279
1112,12,3,4,292.33,2026-05-14T12:14:01.851279
1113,27,2,6,251.01,2026-05-23T07:14:01.851279
1114,21,4,3,396.96,2026-04-14T01:14:01.851279
1115,15,2,4,418.42,2026-03-22T12:14:01.851279
1116,9,2,6,415.11,2026-03-15T11:14:01.851279
1117,21,3,1,338.12,2026-05-06T06:14:01.851279
1118,1,2,5,70.14,2026-04-20T08:14:01.851279
1119,13,1,3,27.11,2026-05-05T00:14:01.851279
1120,17,2,3,253.85,2026-04-09T05:14:01.851279
1121,7,4,10,166.01,2026-04-21T20:14:01.851279
1122,23,4,9,299.93,2026-05-31T05:14:01.851279
1123,12,1,9,84.55,2026-03-19T05:14:01.851279
1124,25,4,10,430.81,2026-03-12T18:14:01.851279
1125,21,4,4,157.24,2026-03-26T05:14:01.851279
1126,25,5,3,480.06,2026-04-28T03:14:01.851279
1127,13,4,8,392.58,2026-05-31T05:14:01.851279
1128,6,2,10,176.92,2026-05-05T15:14:01.851279
1129,8,4,1,427.15,2026-04-28T03:14:01.851279
1130,2,3,2,175.65,2026-05-14T17:14:01.851279
1131,18,3,9,259.01,2026-04-11T00:14:01.851279
1132,17,1,9,332.85,2026-04-22T21:14:01.851279
1133,18,3,10,124.07,2026-03-25T10:14:01.851279
1134,18,3,1,84.92,2026-05-22T21:14:01.851279
1135,4,2,2,294.16,2026-05-17T00:14:01.851279
1136,25,3,5,229.16,2026-04-12T04:14:01.851279
1137,11,1,4,356.43,2026-04-14T14:14:01.851279
1138,28,4,4,38.83,2026-03-04T15:14:01.851279
1139,1,1,2,234.66,2026-04-17T02:14:01.851279
1140,6,2,3,312.76,2026-03-15T08:14:01.851279
1141,1,1,4,161.88,2026-04-13T00:14:01.851279
1142,14,5,7,405.42,2026-04-12T17:14:01.851279
1143,13,4,10,159.94,2026-03-15T00:14:01.851279
1144,28,5,7,66.68,2026-05-29T22:14:01.851279
1145,20,4,3,104.78,2026-04-18T12:14:01.851279
1146,13,2,2,22.73,2026-04-25T13:14:01.851279
1147,5,5,8,141.65,2026-04-27T02:14:01.851279
1148,30,4,8,467.23,2026-04-02T19:14:01.851279
1149,25,5,9,40.32,2026-04-29T22:14:01.851279
1150,4,4,7,378.19,2026-04-23T20:14:01.851279
1151,25,5,10,108.19,2026-04-19T02:14:01.851279
1152,2,2,6,384.58,2026-03-09T01:14:01.851279
1153,5,2,4,100.61,2026-03-28T04:14:01.851279
1154,30,1,10,152.84,2026-03-11T02:14:01.851279
1155,4,2,6,46.36,2026-04-08T23:14:01.851279
1156,29,1,4,134.98,2026-05-15T11:14:01.851279
1157,28,5,5,271.16,2026-05-13T05:14:01.851279
1158,15,1,8,200.59,2026-04-12T23:14:01.851279
1159,16,5,1,153.32,2026-03-29T15:14:01.851279
1160,6,3,9,324.33,2026-03-15T21:14:01.851279
1161,11,3,3,332.27,2026-03-24T19:14:01.851279
1162,10,2,9,108.2,2026-05-13T10:14:01.851279
1163,14,1,1,54.61,2026-03-12T05:14:01.851279
1164,6,4,2,43.74,2026-03-30T19:14:01.851279
1165,8,4,8,381.83,2026-05-27T12:14:01.851279
1166,28,2,4,168.39,2026-04-23T17:14:01.851279
1167,21,3,6,138.15,2026-04-15T22:14:01.851279
1168,12,1,10,194.38,2026-06-01T04:14:01.851279
1169,16,2,9,252.29,2026-05-21T08:14:01.851279
1170,20,4,4,267.55,2026-05-16T20:14:01.851279
1171,12,3,7,472.18,2026-03-25T09:14:01.851279
1172,8,5,1,384.25,2026-04-01T17:14:01.851279
1173,30,3,4,336.9,2026-03-30T23:14:01.851279
1174,18,4,9,420.56,2026-04-10T15:14:01.851279
1175,5,4,7,413.6,2026-05-27T04:14:01.851279
1176,10,2,4,53.26,2026-03-03T00:14:01.851279
1177,18,5,10,158.48,2026-05-08T07:14:01.851279
1178,5,5,1,298.44,2026-04-21T09:14:01.851279
1179,26,3,7,300.87,2026-04-14T04:14:01.851279
1180,24,2,3,173.65,2026-05-18T12:14:01.851279
1181,6,5,8,152.99,2026-03-04T01:14:01.851279
1182,15,5,1,172.88,2026-04-30T15:14:01.851279
1183,26,1,10,192.75,2026-05-02T07:14:01.851279
1184,6,2,4,357.9,2026-04-19T12:14:01.851279
1185,3,2,2,331.21,2026-05-29T22:14:01.851279
1186,17,5,9,489.32,2026-05-16T09:14:01.851279
1187,17,4,8,183.17,2026-05-06T19:14:01.851279
1188,24,1,10,109.03,2026-04-16T17:14:01.851279
1189,10,2,4,179.51,2026-05-30T18:14:01.851279
1190,7,3,8,241.23,2026-05-12T19:14:01.851279
1191,21,1,10,366.1,2026-03-08T23:14:01.851279
1192,22,4,7,128.04,2026-05-28T16:14:01.851279
1193,28,5,9,207.63,2026-03-31T03:14:01.851279
1194,25,3,5,301.95,2026-04-04T23:14:01.851279
1195,24,2,6,270.25,2026-05-28T21:14:01.851279
1196,13,5,2,185.9,2026-04-23T14:14:01.851279
1197,3,2,7,212.02,2026-03-18T15:14:01.851279
1198,27,4,9,189.22,2026-04-17T04:14:01.851279
1199,23,2,9,97.5,2026-03-23T21:14:01.851279
1200,4,4,7,118.74,2026-04-16T06:14:01.851279
1201,26,5,4,414.61,2026-04-08T21:14:01.851279
1202,8,5,6,442.06,2026-03-17T17:14:01.851279
1203,14,1,2,469.77,2026-05-02T00:14:01.851279
1204,12,3,3,217.4,2026-04-17T19:14:01.851279
1205,18,3,6,243.04,2026-03-09T21:14:01.851279
1206,19,5,3,197.95,2026-05-24T23:14:01.851279
1207,17,2,2,282.22,2026-03-16T12:14:01.851279
1208,14,5,8,199.49,2026-04-18T12:14:01.851279
1209,17,4,10,249.73,2026-04-15T22:14:01.851279
1210,25,4,2,427.05,2026-03-14T03:14:01.851279
1211,26,4,2,459.65,2026-04-03T23:14:01.851279
1212,11,4,9,253.85,2026-03-11T01:14:01.851279
1213,3,2,8,483.15,2026-04-14T21:14:01.851279
1214,25,5,10,19.08,2026-04-17T16:14:01.851279
1215,7,3,5,224.96,2026-03-19T14:14:01.851279
1216,19,5,10,402.27,2026-05-26T00:14:01.851279
1217,6,1,9,432.42,2026-05-16T03:14:01.851279
1218,26,1,4,162.82,2026-04-23T06:14:01.851279
1219,7,2,9,64.92,2026-03-25T00:14:01.851279
1220,20,4,2,248.5,2026-05-30T00:14:01.851279
1221,8,4,10,50.96,2026-05-17T17:14:01.851279
1222,11,1,7,413.62,2026-05-19T15:14:01.851279
1223,27,1,3,72.18,2026-03-11T02:14:01.851279
1224,28,5,3,128.41,2026-05-04T08:14:01.851279
1225,8,1,5,464.35,2026-05-20T08:14:01.851279
1226,3,5,1,59.85,2026-04-19T00:14:01.851279
1227,26,2,5,419.8,2026-03-23T13:14:01.851279
1228,3,1,7,47.85,2026-03-27T12:14:01.851279
1229,20,4,6,395.32,2026-04-23T11:14:01.851279
1230,15,3,6,361.15,2026-04-13T06:14:01.851279
1231,9,1,6,63.81,2026-03-31T11:14:01.851279
1232,3,2,2,371.3,2026-05-09T22:14:01.851279
1233,17,2,10,341.68,2026-05-25T22:14:01.851279
1234,28,1,5,350.49,2026-05-01T08:14:01.851279
1235,4,2,8,477.26,2026-03-21T03:14:01.851279
1236,30,1,1,27.12,2026-05-11T16:14:01.851279
1237,19,4,6,70.87,2026-05-11T11:14:01.851279
1238,16,1,6,260.12,2026-04-03T14:14:01.851279
1239,28,3,7,95.63,2026-04-18T06:14:01.851279
1240,7,2,4,104.58,2026-05-11T17:14:01.851279
1241,29,2,2,417.57,2026-05-14T03:14:01.851279
1242,10,2,9,143.19,2026-04-29T15:14:01.851279
1243,6,5,8,370.69,2026-03-20T06:14:01.851279
1244,20,5,2,490.28,2026-05-29T09:14:01.851279
1245,17,4,4,70.11,2026-05-19T02:14:01.851279
1246,14,4,2,255.72,2026-05-25T07:14:01.851279
1247,18,2,2,138.51,2026-04-11T15:14:01.851279
1248,2,1,10,287.08,2026-03-08T07:14:01.851279
1249,28,1,2,175.25,2026-04-09T07:14:01.851279
1250,3,3,6,84.67,2026-03-12T09:14:01.851279
1251,23,3,7,109.57,2026-03-13T18:14:01.851279
1252,6,3,3,240.36,2026-03-30T23:14:01.851279
1253,2,2,5,125.42,2026-04-02T13:14:01.851279
1254,25,3,3,184.82,2026-03-16T00:14:01.851279
1255,30,3,7,499.91,2026-03-31T13:14:01.851279
1256,6,4,5,241.98,2026-04-06T06:14:01.851279
1257,6,5,6,347.28,2026-03-03T01:14:01.851279
1258,4,4,10,38.42,2026-03-25T20:14:01.851279
1259,6,3,2,482.37,2026-04-17T21:14:01.851279
1260,18,2,2,180.22,2026-05-13T01:14:01.851279
1261,5,5,6,211.44,2026-04-09T04:14:01.851279
1262,19,5,3,128.45,2026-04-25T01:14:01.851279
1263,29,3,3,202.81,2026-03-16T15:14:01.851279
1264,13,2,8,307.4,2026-05-25T19:14:01.851279
1265,18,2,9,326.11,2026-05-10T22:14:01.851279
1266,9,5,7,466.19,2026-05-04T16:14:01.851279
1267,6,1,4,164.74,2026-05-30T23:14:01.851279
1268,15,1,5,201.8,2026-03-15T14:14:01.851279
1269,23,5,8,372.74,2026-04-10T01:14:01.851279
1270,30,5,6,56.02,2026-04-01T09:14:01.851279
1271,26,2,9,460.64,2026-05-01T00:14:01.851279
1272,4,3,10,461.73,2026-03-16T13:14:01.851279
1273,22,2,6,465.66,2026-03-07T21:14:01.851279
1274,29,2,10,125.27,2026-03-03T14:14:01.851279
1275,4,5,6,451.78,2026-05-01T07:14:01.851279
1276,20,1,6,467.86,2026-03-16T14:14:01.851279
1277,6,2,10,109.05,2026-03-30T20:14:01.851279
1278,23,5,4,67.87,2026-03-27T22:14:01.851279
1279,17,1,2,300.72,2026-05-31T23:14:01.851279
1280,28,4,5,463.97,2026-04-04T11:14:01.851279
1281,5,1,8,340.63,2026-03-17T18:14:01.851279
1282,18,5,10,203.56,2026-03-20T09:14:01.851279
1283,13,5,2,419.37,2026-05-08T07:14:01.851279
1284,14,4,6,446.25,2026-03-19T06:14:01.851279
1285,9,3,7,402.2,2026-03-08T20:14:01.851279
1286,24,4,2,349.99,2026-04-26T09:14:01.851279
1287,6,2,9,33.12,2026-04-23T18:14:01.851279
1288,19,1,6,288.73,2026-03-12T23:14:01.851279
1289,30,5,2,285.43,2026-04-19T14:14:01.851279
1290,6,5,3,121.51,2026-05-16T00:14:01.851279
1291,23,3,5,117.14,2026-05-21T09:14:01.851279
1292,24,2,9,387.24,2026-03-08T22:14:01.851279
1293,6,4,1,42.91,2026-05-04T08:14:01.851279
1294,16,5,7,389.67,2026-05-03T05:14:01.851279
1295,25,1,4,25.08,2026-05-16T19:14:01.851279
1296,11,2,1,420.91,2026-05-17T11:14:01.851279
1297,18,4,9,304.01,2026-04-03T13:14:01.851279
1298,15,5,2,153.14,2026-04-18T02:14:01.851279
1299,26,2,3,419.83,2026-04-01T02:14:01.851279
1300,14,1,1,181.93,2026-04-21T12:14:01.851279
1301,14,1,2,392.19,2026-04-11T03:14:01.851279
1302,25,4,1,179.61,2026-04-18T16:14:01.851279
1303,7,5,8,254.34,2026-04-28T15:14:01.851279
1304,14,1,7,394.12,2026-03-15T10:14:01.851279
1305,28,2,9,479.54,2026-03-30T00:14:01.851279
1306,15,2,9,308.99,2026-05-02T22:14:01.851279
1307,13,4,1,474.75,2026-05-31T04:14:01.851279
1308,23,2,9,180.39,2026-03-15T09:14:01.851279
1309,3,1,8,325.4,2026-04-22T09:14:01.851279
1310,21,5,4,411.15,2026-03-09T18:14:01.851279
1311,4,2,3,215.64,2026-05-26T01:14:01.851279
1312,27,2,1,45.66,2026-05-27T16:14:01.851279
1313,8,3,5,117.08,2026-05-23T04:14:01.851279
1314,16,5,6,200.75,2026-05-31T19:14:01.851279
1315,25,4,4,423.33,2026-05-27T04:14:01.851279
1316,22,1,2,463.47,2026-05-18T04:14:01.851279
1317,29,5,9,189.05,2026-05-03T11:14:01.851279
1318,2,1,4,421.24,2026-03-27T09:14:01.851279
1319,28,3,2,54.94,2026-04-05T08:14:01.851279
1320,27,1,9,401.29,2026-05-31T22:14:01.851279
1321,18,3,9,201.47,2026-05-26T14:14:01.851279
1322,13,2,7,212.05,2026-03-04T10:14:01.851279
1323,2,4,7,123.57,2026-05-25T14:14:01.851279
1324,7,3,10,434.27,2026-04-02T21:14:01.851279
1325,15,5,1,231.77,2026-03-07T10:14:01.851279
1326,8,3,3,165.4,2026-03-12T15:14:01.851279
1327,20,2,5,300.53,2026-03-25T01:14:01.851279
1328,27,2,9,172.67,2026-05-27T04:14:01.851279
1329,29,5,1,75.93,2026-03-15T17:14:01.851279
1330,7,1,9,71.99,2026-03-26T05:14:01.851279
1331,25,4,2,352.02,2026-04-21T16:14:01.851279
1332,9,5,8,497.75,2026-04-14T08:14:01.851279
1333,21,4,10,196.24,2026-04-20T22:14:01.851279
1334,20,1,7,38.41,2026-03-22T03:14:01.851279
1335,2,2,7,174.73,2026-05-11T04:14:01.851279
1336,28,5,10,119.67,2026-04-14T15:14:01.851279
1337,29,4,6,263.66,2026-03-30T20:14:01.851279
1338,2,3,9,167.56,2026-04-13T22:14:01.851279
1339,4,2,10,254.89,2026-05-30T06:14:01.851279
1340,17,5,4,283.82,2026-05-11T12:14:01.851279
1341,8,2,10,215.92,2026-04-04T18:14:01.851279
1342,18,2,4,266.57,2026-03-11T08:14:01.851279
1343,16,4,7,213.18,2026-05-02T04:14:01.851279
1344,19,4,6,372.49,2026-03-13T09:14:01.851279
1345,15,4,3,246.93,2026-04-27T11:14:01.851279
1346,14,3,6,315.35,2026-05-26T17:14:01.851279
1347,22,2,3,201.01,2026-05-08T11:14:01.851279
1348,28,2,8,156.47,2026-03-29T09:14:01.851279
1349,10,3,10,67.48,2026-03-09T10:14:01.851279
1350,13,3,10,42.81,2026-04-07T10:14:01.851279
1351,22,5,4,477.12,2026-05-03T21:14:01.851279
1352,10,3,9,146.41,2026-05-15T19:14:01.851279
1353,2,2,6,462.87,2026-03-15T14:14:01.851279
1354,9,1,2,455.66,2026-03-18T14:14:01.851279
1355,13,4,10,332.49,2026-04-30T03:14:01.851279
1356,12,1,2,264.42,2026-05-28T15:14:01.851279
1357,19,3,7,454.84,2026-03-11T00:14:01.851279
1358,24,1,1,425.61,2026-04-28T13:14:01.851279
1359,17,2,9,151.24,2026-03-29T20:14:01.851279
1360,5,1,5,92.15,2026-05-15T11:14:01.851279
1361,26,1,8,343.58,2026-05-13T05:14:01.851279
1362,28,2,5,420.28,2026-05-18T07:14:01.851279
1363,16,2,4,37.76,2026-03-19T12:14:01.851279
1364,30,2,2,373.81,2026-03-16T06:14:01.851279
1365,12,3,10,96.12,2026-05-02T07:14:01.851279
1366,8,5,5,13.98,2026-05-29T12:14:01.851279
1367,9,4,2,479.82,2026-05-11T00:14:01.851279
1368,20,1,5,321.24,2026-05-13T01:14:01.851279
1369,3,1,2,403.1,2026-03-08T15:14:01.851279
1370,17,3,4,88.13,2026-04-06T20:14:01.851279
1371,10,4,8,310.47,2026-05-22T17:14:01.851279
1372,21,3,2,349.87,2026-04-09T23:14:01.851279
1373,7,2,1,460.45,2026-03-13T13:14:01.851279
1374,7,3,5,432.78,2026-03-12T14:14:01.851279
1375,23,3,6,104.07,2026-04-10T17:14:01.851279
1376,13,5,3,415.25,2026-05-30T21:14:01.851279
1377,14,5,7,343.41,2026-04-30T10:14:01.851279
1378,28,2,8,332.51,2026-05-26T10:14:01.851279
1379,3,5,5,244.4,2026-03-29T02:14:01.851279
1380,6,4,2,485.72,2026-03-09T01:14:01.851279
1381,4,2,4,316.44,2026-04-14T00:14:01.851279
1382,17,1,2,76.5,2026-04-18T09:14:01.851279
1383,3,3,10,106.39,2026-05-17T11:14:01.851279
1384,26,5,5,435.84,2026-05-22T02:14:01.851279
1385,25,3,1,343.47,2026-04-21T11:14:01.851279
1386,8,4,5,92.14,2026-03-06T04:14:01.851279
1387,19,3,4,401.12,2026-03-28T06:14:01.851279
1388,8,5,6,331.91,2026-03-12T14:14:01.851279
1389,3,4,2,301.18,2026-03-23T23:14:01.851279
1390,30,4,3,416.28,2026-05-12T17:14:01.851279
1391,29,4,3,178.75,2026-03-04T15:14:01.851279
1392,2,1,4,360.31,2026-03-29T05:14:01.851279
1393,28,2,6,75.19,2026-04-09T02:14:01.851279
1394,28,5,9,112.54,2026-05-25T14:14:01.851279
1395,21,2,4,110.61,2026-05-25T06:14:01.851279
1396,24,4,5,112.6,2026-05-27T19:14:01.851279
1397,24,4,5,28.27,2026-03-12T10:14:01.851279
1398,25,2,2,82.95,2026-05-21T15:14:01.851279
1399,27,1,8,249.17,2026-04-10T21:14:01.851279
1400,16,4,3,381.06,2026-03-12T07:14:01.851279
1401,25,5,5,194.07,2026-03-12T22:14:01.851279
1402,2,2,1,59.58,2026-06-01T06:14:01.851279
1403,29,3,8,460.84,2026-05-12T14:14:01.851279
1404,1,4,7,464.33,2026-05-24T11:14:01.851279
1405,21,4,9,179.94,2026-04-17T15:14:01.851279
1406,20,5,1,360.29,2026-03-24T13:14:01.851279
1407,18,1,1,33.35,2026-05-21T12:14:01.851279
1408,23,3,6,187.5,2026-05-02T01:14:01.851279
1409,9,3,6,146.33,2026-03-28T02:14:01.851279
1410,14,1,2,57.28,2026-03-09T13:14:01.851279
1411,20,2,3,166.21,2026-05-22T14:14:01.851279
1412,2,3,9,365.33,2026-05-20T15:14:01.851279
1413,27,4,10,242.39,2026-05-10T06:14:01.851279
1414,3,5,10,308.86,2026-05-13T19:14:01.851279
1415,4,4,5,382.24,2026-05-28T04:14:01.851279
1416,28,3,4,381.0,2026-05-16T07:14:01.851279
1417,14,4,5,252.59,2026-05-02T13:14:01.851279
1418,4,1,3,297.18,2026-05-18T04:14:01.851279
1419,17,1,10,108.71,2026-03-06T11:14:01.851279
1420,26,2,8,268.82,2026-04-30T01:14:01.851279
1421,21,4,1,340.94,2026-04-22T02:14:01.851279
1422,17,1,3,240.19,2026-03-02T19:14:01.851279
1423,23,3,6,414.91,2026-03-18T18:14:01.851279
1424,24,2,7,465.43,2026-05-19T04:14:01.851279
1425,9,2,2,166.07,2026-05-01T20:14:01.851279
1426,17,4,8,295.17,2026-04-19T12:14:01.851279
1427,10,5,9,273.78,2026-04-25T11:14:01.851279
1428,24,1,1,379.4,2026-04-08T10:14:01.851279
1429,18,3,5,54.63,2026-04-08T22:14:01.851279
1430,30,3,9,77.84,2026-05-07T17:14:01.851279
1431,4,3,9,145.12,2026-05-02T11:14:01.851279
1432,3,3,7,448.57,2026-05-11T21:14:01.851279
1433,20,1,1,140.06,2026-05-17T14:14:01.851279
1434,28,5,2,36.4,2026-05-16T02:14:01.851279
1435,25,5,7,61.47,2026-03-25T05:14:01.851279
1436,17,3,6,260.29,2026-05-04T16:14:01.851279
1437,4,5,10,146.14,2026-04-10T09:14:01.851279
1438,28,1,5,193.53,2026-05-12T13:14:01.851279
1439,28,1,7,319.42,2026-03-21T04:14:01.851279
1440,9,3,1,305.82,2026-05-02T01:14:01.851279
1441,24,4,9,325.49,2026-04-15T22:14:01.851279
1442,25,4,1,409.91,2026-05-02T01:14:01.851279
1443,13,2,6,376.06,2026-05-12T08:14:01.851279
1444,4,5,5,154.42,2026-05-19T09:14:01.851279
1445,19,4,1,17.99,2026-03-29T21:14:01.851279
1446,5,4,5,279.48,2026-04-25T01:14:01.851279
1447,14,4,1,293.97,2026-05-15T09:14:01.851279
1448,24,2,10,150.28,2026-04-03T12:14:01.851279
1449,25,3,6,163.97,2026-04-07T15:14:01.851279
1450,1,5,7,417.32,2026-05-31T20:14:01.851279
1451,6,2,6,341.96,2026-05-26T14:14:01.851279
1452,12,1,10,36.13,2026-05-15T20:14:01.851279
1453,2,2,2,245.65,2026-05-12T22:14:01.851279
1454,30,5,3,145.48,2026-04-22T10:14:01.851279
1455,30,2,9,192.42,2026-03-22T10:14:01.851279
1456,26,3,8,145.7,2026-05-25T03:14:01.851279
1457,3,2,4,33.57,2026-04-08T06:14:01.851279
1458,9,5,5,489.66,2026-04-13T15:14:01.851279
1459,20,1,10,435.17,2026-04-11T19:14:01.851279
1460,10,4,8,297.8,2026-03-17T14:14:01.851279
1461,8,4,2,232.87,2026-04-24T23:14:01.851279
1462,4,1,6,38.58,2026-04-08T07:14:01.851279
1463,7,4,3,296.93,2026-04-23T14:14:01.851279
1464,11,2,9,196.87,2026-04-24T22:14:01.851279
1465,6,1,1,120.23,2026-04-24T03:14:01.851279
1466,25,1,5,191.43,2026-04-28T10:14:01.851279
1467,6,5,1,289.27,2026-04-28T10:14:01.851279
1468,24,1,8,376.06,2026-04-19T20:14:01.851279
1469,18,5,10,92.39,2026-03-09T11:14:01.851279
1470,27,2,10,337.51,2026-03-18T04:14:01.851279
1471,11,2,4,488.15,2026-04-09T02:14:01.851279
1472,3,5,6,202.55,2026-05-11T05:14:01.851279
1473,16,2,5,31.02,2026-04-04T06:14:01.851279
1474,10,5,3,357.72,2026-04-24T00:14:01.851279
1475,19,1,1,123.86,2026-03-25T01:14:01.851279
1476,26,2,5,490.99,2026-03-30T21:14:01.851279
1477,15,2,7,142.01,2026-04-14T23:14:01.851279
1478,19,3,9,378.99,2026-05-17T01:14:01.851279
1479,13,2,7,490.04,2026-04-26T12:14:01.851279
1480,6,4,3,25.54,2026-05-13T21:14:01.851279
1481,22,1,7,410.65,2026-04-29T20:14:01.851279
1482,7,1,7,16.04,2026-04-06T02:14:01.851279
1483,17,1,6,258.03,2026-05-13T02:14:01.851279
1484,11,5,3,142.37,2026-03-19T20:14:01.851279
1485,6,2,7,112.38,2026-03-12T07:14:01.851279
1486,14,5,1,490.18,2026-05-11T17:14:01.851279
1487,15,1,3,422.28,2026-05-03T00:14:01.851279
1488,23,2,3,203.98,2026-03-18T04:14:01.851279
1489,12,5,5,422.44,2026-05-14T03:14:01.851279
1490,16,3,7,296.82,2026-04-11T04:14:01.851279
1491,23,5,6,112.86,2026-05-04T13:14:01.851279
1492,27,1,2,201.78,2026-03-07T07:14:01.851279
1493,11,5,7,92.78,2026-04-09T07:14:01.851279
1494,12,3,6,251.27,2026-03-29T12:14:01.851279
1495,21,5,3,393.6,2026-04-18T05:14:01.851279
1496,4,2,7,493.23,2026-05-19T21:14:01.851279
1497,18,2,2,391.28,2026-03-16T17:14:01.851279
1498,1,3,8,444.61,2026-05-16T05:14:01.851279
1499,20,2,1,168.64,2026-05-26T01:14:01.851279
1500,18,4,1,408.05,2026-04-14T19:14:01.851279
